input,offset_ps,core_clk_V,x_V,y_V,sb_minus_rb_V,out_minus_outb_V
1m,-60,0.00012507033511481306,1.187722819691642,1.1874606929400688,1.685444881813137e-07,1.1999845377464704
1m,-58,8.067918187516572e-05,1.1878485984549263,1.1875888664580911,1.7185565049646592e-07,1.1999844289085304
1m,-56,7.617557198191193e-05,1.187974666813579,1.1877172855855422,1.72320397945904e-07,1.19998434307998
1m,-54,9.158610383785476e-05,1.1880993665253776,1.1878442926995372,1.7480093096376252e-07,1.1999842758445112
1m,-52,9.840770454030504e-05,1.1882208400282344,1.1879680323860984,1.7682280039411155e-07,1.1999842256137572
1m,-50,0.0001386130186785675,1.188341904896338,1.1880913266586646,1.7524556256359974e-07,1.1999841869629342
1m,-48,0.00034086029902909615,1.1884688381594797,1.1882204426584728,1.8236165853946902e-07,1.1999841557499142
1m,-46,0.0007767293033966617,1.188603609522157,1.1883573523522666,1.787257453390885e-07,1.1999841302776428
1m,-44,0.0013371811110028677,1.188737438064808,1.1884932703285127,1.7664292345988567e-07,1.1999841137623266
1m,-42,0.0019353840946087122,1.1888648377993614,1.188622712940549,1.742683790024711e-07,1.1999841095181705
1m,-40,0.0025723916166269616,1.1889880225936826,1.1887478969645997,1.7162388335162455e-07,1.1999841115623555
1m,-38,0.0013847140115820639,1.189006434925599,1.1887682873181225,1.6296256338100106e-07,1.1999841396730195
1m,-36,-0.0028746127883834717,1.1888780895530304,1.188641988041306,1.5939329713637132e-07,1.1999842377677798
1m,-34,-0.00831156121144114,1.1887516374749687,1.1885177020627613,1.646413793407734e-07,1.1999842698265732
1m,-32,-0.013680343328853118,1.1886962102439529,1.1884645302445394,1.6932226852550398e-07,1.1999842276052468
1m,-30,-0.019006087431388957,1.188688318074812,1.188458941130903,1.741583474970773e-07,1.1999841652284657
1m,-28,-0.023761338252679582,1.1887417932897335,1.1885147379411989,1.7802276544227828e-07,1.1999841121061001
1m,-26,-0.025780217309801384,1.1889570252694672,1.188732265083436,1.7986955735270083e-07,1.199984043687311
1m,-24,-0.018904253797161298,1.189627781415683,1.1894051422714245,1.85046700433404e-07,1.1999838474358402
1m,-22,0.004042418168595478,1.191009581712284,1.1907885469788742,1.7072991827365577e-07,1.1999834854414158
1m,-20,0.04524721364291794,1.1930359270809259,1.1928155530181268,1.4155907458518553e-07,1.1999831569883705
1m,-18,0.10356908718683766,1.1954844536689897,1.1952632684292679,9.02690585857276e-08,1.1999830443005215
1m,-16,0.1740411198833608,1.1980525768343764,1.1978285981636851,7.975762076876313e-09,1.1999831849977824
1m,-14,0.24846742426452156,1.2003160444032743,1.2000792888856877,-2.872238177030929e-07,1.1999836165719786
1m,-12,0.316896402523117,1.2018946037813747,1.2016455108565118,-5.172279565382313e-07,1.1999843032043456
1m,-10,0.375607914231382,1.2026511026377884,1.2023913165810385,-6.721280602324829e-07,1.199985010638383
1m,-8,0.4274783895722404,1.2029318839307268,1.2026574556234313,-9.20163554770952e-07,1.199985436634622
1m,-6,0.4746428232659854,1.2029302293940265,1.2026368124931448,-1.2803034995649868e-06,1.199985502868695
1m,-4,0.518409587089262,1.202725405251743,1.202407335077294,-1.7393834397955295e-06,1.199985291137422
1m,-2,0.559994916722716,1.2023527921502497,1.2020037470589406,-2.393153636433026e-06,1.1999849677458367
1m,0,0.5999999999999965,1.2017836139733282,1.2013963701950066,-3.2232734507227357e-06,1.1999846436822839
1m,2,0.6386754702417544,1.2009597182944258,1.2005281493111941,-4.272183158637637e-06,1.1999843900411735
1m,4,0.6761658511291151,1.1998246838314464,1.1993445863429042,-5.4605991854800515e-06,1.1999842449639793
1m,6,0.7124455757104642,1.1983311685661258,1.1977895048629477,-7.073331691620582e-06,1.1999842198237014
1m,8,0.7474437346082291,1.1964219193923393,1.1958095206185506,-8.974878331327923e-06,1.1999842972416197
1m,10,0.7810071483000591,1.1940788053197364,1.193391490819794,-1.1047275169873582e-05,1.199984439597937
1m,12,0.8129913106290013,1.1912880833151955,1.1905213168832247,-1.3261425782590804e-05,1.19998460108426
1m,14,0.8432364863443429,1.1880153672322882,1.1871631465389083,-1.5674825678070345e-05,1.1999847475046415
1m,16,0.871631546629928,1.1842010994791299,1.1832557890750308,-1.8299460283290675e-05,1.1999848596199851
1m,18,0.8980972680624119,1.1797696343870083,1.1787221622708097,-2.1199799605447303e-05,1.19998493517442
1m,20,0.9226258267257335,1.1746385110482742,1.173478605760666,-2.438268713301181e-05,1.1999849779949319
1m,22,0.9452471308927467,1.1687256092824785,1.1674419958579951,-2.7894114155295372e-05,1.1999849973821322
1m,24,0.9660427925088739,1.1619510608184127,1.1605316086727329,-3.173694122995263e-05,1.199984999649134
1m,26,0.9851084543889512,1.1542376380158823,1.152669484345328,-3.5959728459193966e-05,1.1999849927693513
1m,28,1.0025645652763995,1.1455092270151384,1.1437788812837235,-4.055472640725486e-05,1.1999849750518214
1m,30,1.0185277849160035,1.135690864983786,1.1337843243193468,-4.556103662114246e-05,1.1999849491204668
1m,32,1.0331232333276053,1.124708637663205,1.1226115089224524,-5.097193397900863e-05,1.199984934899501
1m,34,1.0464633713743223,1.112491245009924,1.1101888981368269,-5.6820534446743203e-05,1.1999849226123582
1m,36,1.0586606247899115,1.0989712052711114,1.0964489420524053,-6.309461894128611e-05,1.1999849128101032
1m,38,1.0698126433443087,1.0840871647582864,1.0813304233195922,-6.983100387855675e-05,1.199984907013871
1m,40,1.0800143634699564,1.0677854178906026,1.0647799943781273,-7.70335992668055e-05,1.199984904103593
1m,42,1.0893475019999832,1.050022166395961,1.046754478332214,-8.477847739083739e-05,1.1999849053371752
1m,44,1.0978907557602584,1.0307648940882146,1.0272222758226401,-9.317140185394017e-05,1.1999849119473212
1m,46,1.1057119037399468,1.0099944323860848,1.0061655068673214,-0.00010247111066040845,1.199984927844206
1m,48,1.1128760494077898,0.9877064667425806,0.983581615558437,-0.00011304118506309368,1.1999849404799263
1m,50,1.1194392109680624,0.9639138056585541,0.9594858143568874,-0.00012566817778936242,1.199984955603831
1m,52,1.1254551213755526,0.938648923568692,0.933913858329424,-0.00014141156693257004,1.1999849824724613
1m,54,1.1309700576605357,0.9119676201910786,0.9069259774924473,-0.00016158350468287633,1.1999850296937025
1m,56,1.1360281751926067,0.8839527121250255,0.8786107221794884,-0.00018688687409763706,1.1999851031526576
1m,58,1.1406675340288663,0.8547172485834195,0.8490880912647777,-0.00021613397009483234,1.1999852157687372
1m,60,1.144924399992791,0.8244049052246876,0.8185096945048291,-0.00024409690788427464,1.199985375143541
1m,62,1.1488300274605936,0.7931883392889535,0.7870574522054637,-0.0002594817545286604,1.1999855888014856
1m,64,1.1524142174942371,0.76126818928761,0.7549442546723188,-0.00024321499826628483,1.1999858554323173
1m,66,1.1557027055126539,0.7288770614960941,0.7224206577766448,-0.0001675366762033929,1.199986178180607
1m,68,1.1587199406444924,0.696284879438557,0.6897817887758283,3.6532761794980947e-06,1.199986506127375
1m,70,1.1614870709080467,0.6637928872105496,0.6573588798889588,0.0003111012779719304,1.199986809820952
1m,72,1.1640243563327795,0.6317013750618748,0.6254794036606756,0.0007925061400515804,1.1999873325516714
1m,74,1.1663500745840583,0.6002561670892984,0.5944041484054141,0.0014727174589192031,1.1999879805368296
1m,76,1.1684823556159316,0.5696034907751406,0.5642767926826061,0.0023568792797926106,1.1999885982605987
1m,78,1.170437562258582,0.5397841320621317,0.5351201855493171,0.0034337456232094365,1.1999890426821045
1m,80,1.172231844963061,0.5107739577373555,0.5068827777296803,0.004681929343558086,1.1999892601474813
1m,82,1.1738796420639073,0.4825455462854953,0.4795062414612086,0.006077537967090416,1.1999891642451643
1m,84,1.1753949140274513,0.45512293092444517,0.45298256907962026,0.007598634028032458,1.1999887919110523
1m,86,1.1767901938208762,0.42861469828747584,0.4273866415927239,0.009226712657168727,1.1999881871201188
1m,88,1.1780777331818193,0.40322170800394075,0.4028824296744013,0.01094634028666252,1.1999874320665036
1m,90,1.1792689938921277,0.3792170562718025,0.37970332189991673,0.012744663048875317,1.199986565013497
1m,92,1.180374991424393,0.35689553663778434,0.3581064326840788,0.014612459705897696,1.1999856530027282
1m,94,1.1814051774534564,0.33650093380474055,0.33830906734673416,0.016547742224852093,1.1999847047729613
1m,96,1.1823696016717535,0.31815859075364306,0.32042972257593394,0.01856123117111796,1.1999837641144298
1m,98,1.1832742998149162,0.30184718234628755,0.30446096760248437,0.02068110165896145,1.1999828418696952
1m,100,1.1841263786735627,0.2874211227689807,0.2902846387116156,0.022955057972052186,1.1999819883429241
1m,102,1.1849287588231625,0.274662146698891,0.2777136380829782,0.025449959788052756,1.199981221670185
1m,104,1.1856858277098263,0.26333003443496933,0.26653595655931533,0.02825093670184152,1.1999805791082325
1m,106,1.1863988269027403,0.2531963945337961,0.25654603041028995,0.03146142172349039,1.1999800601457573
1m,108,1.187070900297814,0.24406084973523517,0.24756127049339208,0.03520490744362994,1.1999796789772874
1m,110,1.1877029615844321,0.23575528974493018,0.23942778431295864,0.03962851641283571,1.1999794267892538
1m,112,1.1882979843053245,0.22814189459949816,0.23202004159015202,0.0449087662485982,1.1999791714153787
1m,114,1.188856956755378,0.22110876034492244,0.22523796956606135,0.05125978452915612,1.1999788520519394
1m,116,1.189382131531093,0.21456508679951491,0.21900341312393423,0.05894473388046713,1.199979166471688
1m,118,1.1898762264593026,0.20843701960897532,0.21325717197143146,0.06829124748585878,1.1999797723225334
1m,120,1.1903410197136912,0.20266398185672801,0.20795659662083252,0.07971242797691704,1.1999805224461242
1m,122,1.190779075435749,0.19719603050805365,0.20307447094527778,0.09373536784382035,1.1999813806179325
1m,124,1.191194395069085,0.1919865627894589,0.198588463796671,0.11092513059671684,1.1999824725975305
1m,126,1.1915897021675783,0.1870032217520572,0.19449921126744854,0.13204612104152136,1.199983796010445
1m,128,1.1919678052779603,0.18223669655784655,0.19087118306439924,0.15874382583230337,1.1999860154210669
1m,130,1.1923362682770213,0.1776504665064068,0.18772449770768923,0.1922201805566718,1.1999891240749545
1m,132,1.1927015084601138,0.17323339487979905,0.18513377708580478,0.2344055020412494,1.199993924985556
1m,134,1.1930733109747291,0.1689917513202022,0.1832889939094281,0.2887345016208731,1.2000026023735368
1m,136,1.1934602402592402,0.16492053722559996,0.18229714145944995,0.35755615666939866,1.2000182300006663
1m,138,1.1938671094626483,0.1610358612084445,0.1823616797642,0.44403014307418603,1.2000452981545364
1m,140,1.194269736735609,0.15736007422685247,0.18366556843526063,0.5488741145542554,1.200092063345969
1m,142,1.194603964081717,0.15382009110639375,0.18562712659727695,0.657614093843923,1.2001639866040181
1m,144,1.194842797903151,0.15034859010507506,0.1872306236587684,0.7522623728033405,1.200259556680075
1m,146,1.195022111658418,0.1469389291605474,0.18752250161038497,0.8255308879907981,1.2003549849131805
1m,148,1.1951512507842559,0.14363177849442252,0.18633785493019453,0.8798379011624022,1.2004348063111177
1m,150,1.1952467814242174,0.14043147483816365,0.18401356079310083,0.9202044811357878,1.2005055537588207
1m,152,1.1953205821444313,0.13733169075605003,0.1808807122003896,0.9500260106902266,1.2005574139501034
1m,154,1.1953799714316138,0.1343277507725139,0.17720938837286032,0.9718201401393189,1.2005315621131973
1m,156,1.1954308733300576,0.13141578690242608,0.17325303471437553,0.9879594430776857,1.1997010179551135
1m,158,1.1954761577874868,0.1285829126361727,0.16917515309359263,1.0003402523897689,1.1973045012943437
1m,160,1.1955148855335196,0.12582114085821966,0.16506310313761857,1.0103862414820495,1.1932471555745832
1m,162,1.1955502294490354,0.12312538919787927,0.16096061478774137,1.0188939939914554,1.1881115262149593
1m,164,1.1955848416601993,0.1204968182708595,0.15690815285003468,1.0261119503777765,1.1802444454642593
1m,166,1.1956186679683825,0.11793178883417,0.15294125781696413,1.0323184568417325,1.1728325072079555
1m,168,1.195652675684347,0.1154298462743175,0.1490763276249957,1.0377728405790276,1.1705977377085264
1m,170,1.1956875471473944,0.11298654998845979,0.1453268601426702,1.042579518985388,1.1741439998470844
1m,172,1.195722059958532,0.11060146400952149,0.14169621009010852,1.0469526837435994,1.1791581590812994
1m,174,1.195755153928016,0.10826932012911258,0.1381809668426894,1.0511403121964982,1.1836328613959692
1m,176,1.1957871513618652,0.10598747345859362,0.13476075301650842,1.0552354508663824,1.187249120796536
1m,178,1.1958182704147053,0.10375706417565235,0.1314273638785217,1.059236712236707,1.1899713121841318
1m,180,1.1958489071821117,0.10157327457670166,0.12817828304731646,1.0631210030019367,1.1920210156551816
1m,182,1.1958793547067852,0.09943694150507372,0.12501241824142453,1.0668671896202002,1.1935779379676885
1m,184,1.1959097620112153,0.09734647088790215,0.12192560970480316,1.070465490291697,1.1947763970304615
1m,186,1.1959402539799207,0.09530066036437826,0.11892025000384136,1.0739193362724422,1.195725052293469
1m,188,1.1959709608077622,0.09329868884040032,0.11599350204909646,1.077233033962156,1.1964794704649624
1m,190,1.1960018958034109,0.09133922096844038,0.11314454093938744,1.0804170745365924,1.1970906919918958
1m,192,1.1960331435498386,0.08942084485804477,0.11037088071064702,1.0834829374479105,1.1975895830403458
1m,194,1.1960646714651078,0.08754193550788712,0.10767255404039991,1.0864399682829435,1.1979996400670163
1m,196,1.1960964897542026,0.08570424952924456,0.10504598534789791,1.0892958457788255,1.1983371832479668
1m,198,1.1961286757820457,0.0839054841249589,0.10248958680432549,1.092059661674947,1.1986167657467954
1m,200,1.196161194874217,0.08214209028436609,0.09999998515939405,1.0947418372220215,1.1988409776440607
1m,202,1.1961940023160256,0.08041559121605406,0.09757559703681516,1.0973410252815772,1.1990446094486829
1m,204,1.1962272274333043,0.07872535531406376,0.09521593869951278,1.0998643975130646,1.1992054709541715
1m,206,1.1962607916150674,0.0770696864124926,0.09291707389931822,1.1023159888150897,1.1993382248739655
1m,208,1.1962946652034756,0.07544746005011028,0.09067931853765772,1.1046992704468155,1.1994485205271512
1m,210,1.196328928792889,0.07386071763656098,0.08849786326250506,1.1070177403672992,1.1995416542885222
1m,212,1.1963635070129552,0.07230607619934999,0.08637630644915097,1.1092716882793796,1.1996172360531836
1m,214,1.1963984113790533,0.07078190345941945,0.08430556572804865,1.1114678656728818,1.1996807435707562
1m,216,1.1964336716637851,0.0692897826921574,0.0822876961060995,1.1136062912989426,1.1997347641730247
1m,218,1.196469220566235,0.06782694724238675,0.08032018599909241,1.115689542050054,1.1997783774783426
1m,220,1.1965051090032142,0.06639487782150981,0.07840249292466653,1.1177188759816425,1.1998161813027266
1m,222,1.1965412757255212,0.064991236630292,0.07653282504338355,1.1196959700516609,1.1998461769079443
1m,224,1.1965777425769761,0.06361697777191655,0.074708309266872,1.1216229705214367,1.1998726123090746
1m,226,1.1966145197556333,0.062270063919047394,0.07293181210502726,1.1235007314527952,1.1998931795447298
1m,228,1.1966515356669105,0.06095124060992676,0.07119823384000494,1.1253309033136136,1.1999117331854765
1m,230,1.1966888207438258,0.05965869415459069,0.06950889015016334,1.1271145968418101,1.1999257706926012
1m,232,1.1967263254693787,0.05839306759114353,0.0678602838766572,1.128853551223118,1.1999388549635943
1m,234,1.1967640619745419,0.05715270660568998,0.06625342903628494,1.1305486816476995,1.199948370856575
1m,236,1.1968019914670385,0.05593815140466056,0.0646852491839922,1.1322016148954495,1.1999576586110194
1m,238,1.1968401140131457,0.05474789508823194,0.06315652194712305,1.1338131373146336,1.1999640445974913
1m,240,1.1968783987071372,0.05358238848809377,0.06166452859783259,1.135384787658674,1.1999706952607123
1m,242,1.1969168365208478,0.052440255242017134,0.060209846965986594,1.136917256273889,1.1999749158067323
1m,244,1.196955402491608,0.051321868706546744,0.05879006825331768,1.1384120048102035,1.1999797332415214
1m,246,1.196994080894029,0.050225968232432715,0.05740560491571778,1.1398696470063614,1.1999824568761415
1m,248,1.1970328511881294,0.04915285990552685,0.056054314404607314,1.141291573072674,1.1999859985419754
1m,250,1.1970716929544534,0.048101386002986295,0.05473647258937707,1.1426783338835138,1.1999876886914067
1m,252,1.1971105888837001,0.04707179412665464,0.05345016654764918,1.144031252229027,1.1999903412597448
1m,254,1.1971495152467793,0.0460630175409176,0.05219555932550146,1.1453508292789607,1.1999913191255236
1m,256,1.1971884576246397,0.045075254531796435,0.05097093740292735,1.1466383183345443,1.1999933508210738
1m,258,1.1972273901983266,0.04410752030418533,0.04977637143034096,1.147894177019156,1.199993839035249
1m,260,1.1972663004179698,0.04315996908822532,0.04861032082675783,1.149119597189476,1.1999954359602614
1m,262,1.1973051679338895,0.042231649899624364,0.04747274836777846,1.1503151109385077,1.1999962538611315
1m,264,1.1973439557640784,0.04132272562355072,0.0463622993757919,1.151481528909955,1.1999965674471864
1m,266,1.1973823395381666,0.04043235790519797,0.04527891282172627,1.1526196440233647,1.1999971201125443
1m,268,1.197420823971246,0.039560619127390416,0.044221333717577346,1.15373019672218,1.1999975729357824
1m,270,1.197459160143139,0.03870672568565388,0.043189441255428763,1.1548138373728292,1.1999979575338606
1m,272,1.1974973852403532,0.037870722813171706,0.042182089115661014,1.1558713208483262,1.1999982704851855
1m,274,1.197535442469469,0.03705188216678621,0.041199122555564925,1.156903218607482,1.1999985384179972
1m,276,1.1975733481954949,0.03625023000880471,0.04023950246236868,1.1579102675682262,1.199998754455966
1m,278,1.197611056703951,0.03546508657811793,0.03930304288858934,1.1588930227273229,1.199998941416455
1m,280,1.1976485780329278,0.03469645643086213,0.03838879580968756,1.1598521720227004,1.1999990902218085
1m,282,1.1976858734579103,0.03394370481569791,0.037496551924321,1.1607882321577083,1.1999992210383639
1m,284,1.1977229495808128,0.033206817149036866,0.03662544322433146,1.161701865679928,1.1999993232696162
1m,286,1.1977597727625058,0.03248519995416957,0.03577524285736737,1.1625935547091613,1.199999415100818
1m,288,1.1977963789090342,0.03177870581606049,0.03494504020912779,1.1634639639385398,1.199999485032799
1m,290,1.1978326770625995,0.031087150175929733,0.03413496123361624,1.1643134743445975,1.199999549839535
1m,292,1.19786864934132,0.030409644417799406,0.03334381992360894,1.1651427413202413,1.1999995974505282
1m,294,1.197904395982698,0.029746850002330794,0.032570899165124255,1.1659523610804774,1.1999996432251092
1m,296,1.1979398538098378,0.029098174147825003,0.03181745109436088,1.1667426087553625,1.1999996754985234
1m,298,1.1979749144997047,0.028462586307605307,0.03108152133725674,1.1675138911035736,1.1999997086072804
1m,300,1.1980097132873437,0.02784079831902316,0.030362318235438633,1.1682669817505482,1.1999997297774263
1m,302,1.1980441843139709,0.02723230839947405,0.02966108992402256,1.1690020870838669,1.1999997536176852
1m,304,1.1980782513420447,0.02663618704882955,0.028976141553701876,1.1697196822585476,1.1999997677503835
1m,306,1.1981120144238646,0.026053022766613344,0.02830678492297017,1.1704203502578854,1.1999997850179467
1m,308,1.1981454339328421,0.025482371715319564,0.027654028704230473,1.1711043933680965,1.1999997939355493
1m,310,1.1981784275547385,0.0249234009509686,0.027016407291662103,1.1717721528786915,1.1999998071008888
1m,312,1.1982110984780634,0.024376596083957598,0.026393312229385638,1.1724242457141496,1.1999998122936424
1m,314,1.1982433992204617,0.023841561297882053,0.02578556374962492,1.1730608698309122,1.1999998222851065
1m,316,1.1982752705500697,0.02331755025358274,0.025191885115140155,1.1736824347013932,1.1999998253192985
1m,318,1.198306792718787,0.02280496099048727,0.024611740839661275,1.174289407710781,1.1999998329605521
1m,320,1.1983379349126813,0.022303439277571044,0.024045792042383763,1.1748820660682284,1.1999998342326326
1m,322,1.1983686369625508,0.021812314820477574,0.023492927598191004,1.1754607090814733,1.1999998405232357
1m,324,1.1983989782453695,0.021331911940939634,0.022952669590350566,1.1760258419075424,1.1999998405228303
1m,326,1.198428925642847,0.020861913624882416,0.022425554110568596,1.1765776423580803,1.1999998457264502
1m,328,1.1984584334243193,0.02040171541041676,0.02191060644384079,1.1771164722005205,1.199999845185379
1m,330,1.198487566235098,0.019951580524740335,0.02140740268059899,1.1776427100730265,1.1999998494875077
1m,332,1.198516330124846,0.019511112305994286,0.02091626437890596,1.1781566355362356,1.19999984836025
1m,334,1.1985446286726975,0.01908010121444164,0.020436667187606214,1.1786584563988725,1.199999852289026
1m,336,1.1985724832261062,0.018658136442866513,0.01996790588445077,1.1791485922603842,1.1999998507442844
1m,338,1.19859966468734,0.018245649845797234,0.019509888316695985,1.1796273582297887,1.199999854035413
1m,340,1.1986266870733138,0.017842060592818777,0.01906311393214243,1.1800949123045856,1.199999852432009
1m,342,1.1986532087560098,0.017447082715133445,0.018626751989507397,1.1805514228228922,1.1999998556927691
1m,344,1.1986793160477436,0.017060443040152723,0.018200145728380628,1.1809973224806023,1.1999998537601484
1m,346,1.198705063645959,0.016682501496121372,0.017783322163456725,1.1814329289768353,1.199999856480282
1m,348,1.1987305028884496,0.016312228092384265,0.017376101392265864,1.1818590119315981,1.199999853409788
1m,350,1.1987501739784514,0.01594989819110562,0.016978174285560227,1.1822748668045437,1.1999996782506446
1m,352,1.1987770429032707,0.015596087158100685,0.016590131437461908,1.1826805283038178,1.1999995830106847
1m,354,1.1988057929288167,0.015250041710209878,0.016211143185123778,1.1830769294583732,1.1999995089126965
1m,356,1.198854125854867,0.014912500914159004,0.015841893571006193,1.1834636992952576,1.1999994500877658
1m,358,1.1988976841820902,0.014582593888189149,0.01548144442509836,1.1838410366648946,1.1999994017926328
1m,360,1.1989291861174178,0.014259215491425344,0.015128673873127146,1.1842096569138925,1.1999993618825457
1m,362,1.1989420436393001,0.013941519522147658,0.014782686129023361,1.1845700965847978,1.1999993289750264
1m,364,1.198942946871578,0.013630273687855226,0.014444211334394127,1.184922876856108,1.199999301972203
1m,366,1.1988400340845349,0.013321683661404321,0.014109504759790802,1.1852688784540684,1.1999992782706612
1m,368,1.1985660643375229,0.013009097359298913,0.013771876062583482,1.1856114013792587,1.199999257092058
1m,370,1.1982764892051234,0.012700352496376816,0.01343921217168175,1.1859507235988345,1.1999992427634196
1m,372,1.198016869459671,0.01239936873441484,0.013115271525154635,1.1862849446986532,1.1999992325423776
1m,374,1.1989654504355947,0.012151793125224332,0.012845432603546966,1.1866003095983395,1.1999992459313604
1m,376,1.20223526200767,0.01205076037711398,0.012721167748148845,1.1868548696829682,1.1999992812019982
1m,378,1.206053862320754,0.012012756962322214,0.012658042109320608,1.1870386046949013,1.199999275245998
1m,380,1.2096182066657515,0.011961443569910777,0.012581202754234687,1.1871807113127348,1.1999992425043784
1m,382,1.2124604513548962,0.011870465889014338,0.012465557377451796,1.1873075980346979,1.1999992029296884
1m,384,1.2129975292583939,0.011674089530882817,0.01224648110988695,1.1874593151941635,1.199999145783485
1m,386,1.2065876933444128,0.01113749979346987,0.011692041005438041,1.1877382456637988,1.1999990195992734
1m,388,1.1922066770007562,0.010119579737631038,0.010665732319473365,1.1882597375138733,1.199998836425686
1m,390,1.1737780156972302,0.008825766903193609,0.00937496044823231,1.189062833186731,1.199998859169156
1m,392,1.153827769763463,0.0074680893197288725,0.00802769071259789,1.1900777277982977,1.1999989555944328
1m,394,1.1331987619420252,0.006105680272155834,0.006678762667311845,1.1912140869733834,1.1999990565368326
1m,396,1.112095784596672,0.004709560879410467,0.005297788116047062,1.1924399156263334,1.1999991231732927
1m,398,1.090565055052505,0.003226864065220002,0.0038331220596610274,1.1937559934894946,1.1999991366928027
1m,400,1.068961132237123,0.0018133533373111794,0.002436912362608943,1.195109504834185,1.1999991964315326
1m,402,1.0473704538396,0.0004167663118432916,0.0010559669662448773,1.1964746378263258,1.1999992424435875
1m,404,1.0258378666435957,-0.0009678506758499545,-0.0003145648081019677,1.1978427261128262,1.1999992658451466
1m,406,1.004388822921361,-0.002340642752537038,-0.001674758468356514,1.199208954973798,1.199999273559465
1m,408,0.9830415056958011,-0.0037014731705693775,-0.003024470590317983,1.2005700387104328,1.1999992736074716
1m,410,0.961807695354665,-0.005050265534592931,-0.004363585116690577,1.2019235610170402,1.1999992768909629
1m,412,0.9406911754626395,-0.00638722977384981,-0.005692210018075072,1.2032679863502118,1.1999992748244452
1m,414,0.9196896704345081,-0.00771321546215138,-0.0070110377366149595,1.2046024877985901,1.1999992700910276
1m,416,0.8988090371389684,-0.009028094482320177,-0.00831984763007559,1.2059251050441218,1.1999992634847445
1m,418,0.8780467243922102,-0.010332491473088385,-0.009619052416086597,1.207235162325637,1.1999992576741083
1m,420,0.8574034413884535,-0.011626536249840943,-0.010908539633059749,1.2085299561919778,1.1999992521140737
1m,422,0.8368805235415019,-0.012910207441645007,-0.012187945183113958,1.209806219434144,1.199999249023609
1m,424,0.8164749205248868,-0.01418339439808641,-0.013456680351660708,1.2110594479727026,1.1999992484361612
1m,426,0.7961930360845965,-0.015444936862017788,-0.01471286623736338,1.2122811677302174,1.199999251090331
1m,428,0.7760325106055513,-0.016693681293932724,-0.01595442122096753,1.2134623746932593,1.19999925785631
1m,430,0.7560020578216063,-0.017926402238804012,-0.01717653447175727,1.2145857780938303,1.1999992692482848
1m,432,0.7360865226339848,-0.019141970769946337,-0.01837688309069131,1.2156430853457105,1.1999992854131103
1m,434,0.7163044580952209,-0.02033339807087909,-0.019545556337899433,1.2166033548817734,1.1999993071244233
1m,436,0.6966477091947474,-0.0214958349782121,-0.020674977508247296,1.2174435587967487,1.1999993348030784
1m,438,0.6771166485207974,-0.02262150074011572,-0.021753613324958048,1.2181312924247312,1.199999368012996
1m,440,0.657707077850144,-0.023700963748390237,-0.022767454412953435,1.2186289909548942,1.199999406490639
1m,442,0.6384142021931418,-0.024723048225458497,-0.02369986076349488,1.218894382970586,1.1999994489316521
1m,444,0.6192308063109194,-0.02567493839556389,-0.02453170658752906,1.2188818489162905,1.1999994928486886
1m,446,0.600147414482557,-0.026542623066973848,-0.025241955822763874,1.2185452933206253,1.1999995342179923
1m,448,0.5811523998636987,-0.027311412107389736,-0.025808417649184772,1.2178406312606418,1.1999995759614535
1m,450,0.5622306926102237,-0.027966573087044283,-0.0262087224251504,1.2167288026003662,1.1999997254315913
1m,452,0.5433642914079237,-0.028493840196287496,-0.02642113869440297,1.2151791780463355,1.1999996387585405
1m,454,0.5245302873660838,-0.028879830883974306,-0.02642509098474732,1.2131672897417427,1.199999566105958
1m,456,0.5057010802345306,-0.029112059593289663,-0.026202616086919945,1.2106781785669944,1.1999995797753924
1m,458,0.4868421337658155,-0.029179176743455534,-0.025735557131060717,1.2077032076496736,1.1999995348918202
1m,460,0.4679122161812711,-0.029069571499582572,-0.025009464910526864,1.204255036400282,1.1999995107434356
1m,462,0.4488588558255488,-0.02877277461659884,-0.024009464865028855,1.200308016310705,1.1999994406903782
1m,464,0.42962103430661575,-0.028276413922924185,-0.02272033920514359,1.1958533712871593,1.1999992932537338
1m,466,0.4101246375235483,-0.0275630592721783,-0.02112482254602716,1.1908843641854523,1.1999994327346544
1m,468,0.3902825639012682,-0.02661787414480104,-0.019202191341778273,1.1853882149624086,1.1999994729204801
1m,470,0.36999216862089784,-0.025413849660456313,-0.01692663161259929,1.1793406876504116,1.1999994717821227
-1m,-60,0.00012536192385881437,1.18746048355853,1.1877224358627987,-1.8594631261336529e-07,-1.199999145060787
-1m,-58,8.092481643302618e-05,1.1875886610324529,1.1878482615456885,-1.8762001008248456e-07,-1.1999991341099403
-1m,-56,7.63915778732876e-05,1.1877170900884235,1.1879743723018683,-1.8822949455965339e-07,-1.1999991205635323
-1m,-54,9.174793389872963e-05,1.1878440945564956,1.188099094108876,-1.8790493238178174e-07,-1.199999113964324
-1m,-52,9.702380332742843e-05,1.1879678381336403,1.1882205889407809,-1.8700309732399013e-07,-1.1999991143355893
-1m,-50,0.00013684279079449326,1.1880909800120616,1.188341520297479,-1.8565964596037296e-07,-1.1999991093667728
-1m,-48,0.00034140499790286767,1.1882202640331545,1.1884686307832792,-1.839758028542848e-07,-1.1999990893490624
-1m,-46,0.0007775017198309952,1.188357191765187,1.1886034278864557,-1.8168993864123726e-07,-1.1999990692976072
-1m,-44,0.0013379867471633052,1.1884931095856077,1.1887372620921746,-1.788079149095182e-07,-1.1999990757021883
-1m,-42,0.0019361292604510522,1.1886225469957066,1.188864661048566,-1.7590856759474946e-07,-1.1999990978027548
-1m,-40,0.0025730418102955514,1.1887477287108676,1.1889878468573312,-1.731107610628735e-07,-1.1999991117084214
-1m,-38,0.0013849522464957854,1.18876810030136,1.1890062430192352,-1.6073702636752443e-07,-1.1999993434690424
-1m,-36,-0.002874754637681227,1.1886417864783445,1.1888778847838697,-1.6505245816584525e-07,-1.1999995452451273
-1m,-34,-0.008311883929045638,1.1885175100561758,1.1887514437590656,-1.6716061179468948e-07,-1.1999994884715364
-1m,-32,-0.013680683210997038,1.188464352092795,1.188696031436167,-1.7118184944655785e-07,-1.1999992207762806
-1m,-30,-0.019006547903341962,1.1884587523658423,1.1886881294763103,-1.7526453854888491e-07,-1.1999989984479533
-1m,-28,-0.02376337693043027,1.1885144789785949,1.1887415350541368,-1.7841450822107842e-07,-1.1999988363412808
-1m,-26,-0.025780305311594594,1.1887321375233575,1.188956898880101,-1.805220789065755e-07,-1.1999985432365028
-1m,-24,-0.018908352883025527,1.189404836118421,1.1896274765557726,-1.8893474234999773e-07,-1.1999976307304747
-1m,-22,0.004040237902954227,1.1907883557666412,1.1910093920725369,-1.738746517453588e-07,-1.199996364456594
-1m,-20,0.04525249247883732,1.192815575350089,1.1930359517570779,-1.4165087489018805e-07,-1.1999956186961855
-1m,-18,0.10356401320508973,1.1952631117093897,1.1954842982994112,-8.659658823974138e-08,-1.1999957378688952
-1m,-16,0.17404375314130602,1.197828333602734,1.198052316058033,-1.8013398179978519e-09,-1.1999965819776532
-1m,-14,0.24846961337162082,1.2000792558041697,1.2003160426906256,2.9592644150739125e-07,-1.1999982902531416
-1m,-12,0.3168928361341108,1.2016450088712747,1.2018941032404378,5.258547185998524e-07,-1.200000590597472
-1m,-10,0.37560750380739083,1.2023910676846277,1.2026508543742782,6.762525738148724e-07,-1.2000022674087543
-1m,-8,0.427481862060254,1.2026574435157844,1.2029318702586522,9.167019983535941e-07,-1.200002668789929
-1m,-6,0.4746410464199293,1.2026364658276893,1.2029298896063927,1.2718543944106956e-06,-1.2000020866716576
-1m,-4,0.5184086549678569,1.2024069893221623,1.202725067244408,1.7298732952814989e-06,-1.2000010273815283
-1m,-2,0.5599946698424435,1.2020033778177657,1.2023524311551759,2.3848273134760477e-06,-1.1999999395976753
-1m,0,0.6,1.2013959604326938,1.2017832126752872,3.2173365526989827e-06,-1.1999990403793406
-1m,2,0.6386756819226025,1.2005276989476577,1.2009592751956195,4.268651119297397e-06,-1.199998457168813
-1m,4,0.6761660291421173,1.199344077750447,1.199824222209358,5.460633737440506e-06,-1.1999982325226097
-1m,6,0.712445729348716,1.1977889313315302,1.1983306037076364,7.074203691827532e-06,-1.1999983441534599
-1m,8,0.7474437479855236,1.1958088962358115,1.1964213031882842,8.976984741228963e-06,-1.1999986861361824
-1m,10,0.7810070736590212,1.193390813156078,1.1940781370737616,1.1049640819487849e-05,-1.1999991196764972
-1m,12,0.8129910833557987,1.1905205728620263,1.1912873500062056,1.3263345635899767e-05,-1.199999515871199
-1m,14,0.8432361710932378,1.1871623178189676,1.1880145511080944,1.5675884731026015e-05,-1.1999998112499006
-1m,16,0.8716311177512786,1.1832548641114027,1.184200188568372,1.829969834459562e-05,-1.1999999860751052
-1m,18,0.8980967999705648,1.1787211327775233,1.1797686206412654,2.1199400726979714e-05,-1.2000000620080957
-1m,20,0.9226253089801452,1.1734774693959003,1.1746373917965016,2.4381918301839513e-05,-1.2000000607970454
-1m,22,0.9452466244804214,1.16744074995051,1.1687243820177715,2.789314122143182e-05,-1.2000000121628753
-1m,24,0.9660422812998313,1.1605302525314594,1.1619497246104302,3.173596414018057e-05,-1.1999999310642442
-1m,26,0.9851079807379785,1.1526680151027127,1.1542361901158291,3.595877967072382e-05,-1.1999998373631218
-1m,28,1.0025641083642733,1.1437772976133993,1.1455076658939998,4.055394885587384e-05,-1.1999997354569263
-1m,30,1.0185273736249318,1.1337826237537219,1.1356891882163893,4.5560471351184786e-05,-1.1999996381037958
-1m,32,1.033122845745251,1.1226096913314931,1.1247068449155186,5.097137366821728e-05,-1.199999542902315
-1m,34,1.0464630269899737,1.1101869631554682,1.1124893358757302,5.681998883797628e-05,-1.1999994593216707
-1m,36,1.0586603035498479,1.0964468921113153,1.098969181967768,6.309424122524069e-05,-1.1999993825654351
-1m,38,1.069812359178505,1.0813282610420205,1.0840850298006006,6.983070665499908e-05,-1.199999318888703
-1m,40,1.0800140997140943,1.0647777251911181,1.0677831764613128,7.703344531333638e-05,-1.199999261990122
-1m,42,1.0893472691115087,1.0467521080456632,1.0500198241148575,8.47784292596713e-05,-1.1999992177748249
-1m,44,1.097890540152589,1.0272198128343801,1.0307624590301674,9.317172724795006e-05,-1.1999991943495527
-1m,46,1.1057117137709909,1.0061629605393574,1.0099919135006536,0.00010246813609307848,-1.199999200994548
-1m,48,1.1128758737670772,0.9835789977175161,0.987703875185632,0.00011302922823529461,-1.199999166518685
-1m,50,1.119439056396601,0.9594831388439576,0.9639111549008474,0.00012565643506714394,-1.1999991630658038
-1m,52,1.1254549787934773,0.9339111426635971,0.9386462303032028,0.00014140175597311295,-1.1999992134250923
-1m,54,1.1309699320547533,0.9069232423378143,0.9119649039811853,0.00016157455744460463,-1.199999324762872
-1m,56,1.1360280592634608,0.8786079924105944,0.8839499967454157,0.00018687900986980282,-1.1999995309056013
-1m,58,1.1406674317503835,0.8490853933100425,0.854714559467732,0.0002161245487072524,-1.1999998653946178
-1m,60,1.1449243054045122,0.8185070557020291,0.8244022687303126,0.00024408302332882731,-1.200000352411684
-1m,62,1.1488299436760299,0.7870549003494629,0.7931857813048627,0.0002594578582905564,-1.2000010006629547
-1m,64,1.1524141397926433,0.754941823229774,0.7612657394871644,0.00024317525764674215,-1.200001803185068
-1m,66,1.155702636302223,0.7224183883049551,0.7288747557301878,0.0001674736961405606,-1.2000027709518073
-1m,68,1.1587198759994537,0.6897797256081051,0.6962827564885626,-3.7468219581026567e-06,-1.2000036053526153
-1m,70,1.1614870127608263,0.6573570494401441,0.6637909718647191,-0.0003112279619734899,-1.200004341727172
-1m,72,1.164024302253762,0.6254777929446887,0.6316996596653841,-0.0007926547350649865,-1.2000064418987393
-1m,74,1.1663500263921016,0.5944027032054767,0.600254607346836,-0.0014728810347101036,-1.2000082419360383
-1m,76,1.1684823111554115,0.5642754438671821,0.5696020264990163,-0.002357054390620322,-1.200009695753407
-1m,78,1.170437523298294,0.5351188821663497,0.5397827190955876,-0.003433925602758765,-1.2000104697039249
-1m,80,1.172231809524425,0.5068815054072613,0.5107725848974436,-0.0046821136920126355,-1.2000104246614356
-1m,82,1.1738796115399923,0.4795050208367308,0.4825442360544276,-0.006077726596870648,-1.2000094970783728
-1m,84,1.17539488680208,0.4529814448033958,0.45512173027318004,-0.007598827848294782,-1.2000078759046278
-1m,86,1.176790171122711,0.4273856694292524,0.4286136668422152,-0.009226911177782479,-1.200005743913204
-1m,88,1.1780777138490137,0.40288166271006554,0.40322090361183693,-0.010946543088487918,-1.200003339271582
-1m,90,1.1792689804010332,0.3797027937838243,0.3792165155985706,-0.01274486972564541,-1.2000007750995119
-1m,92,1.1803749787313076,0.35810614123071266,0.3568952550150962,-0.014612673066877442,-1.199998155049362
-1m,94,1.1814051719220142,0.33830896994621296,0.3365008594164591,-0.01654796871150878,-1.1999955111531158
-1m,96,1.182369595466314,0.32042975014445835,0.31815864239789715,-0.0185614815977134,-1.1999929187282203
-1m,98,1.1832742994177545,0.30446105073800767,0.30184728137093475,-0.020681388903137216,-1.1999904490060267
-1m,100,1.1841263764051644,0.29028472655970683,0.2874212143600293,-0.02295539603966249,-1.199988205042297
-1m,102,1.1849287605673726,0.2777137027681485,0.27466220287938997,-0.025450363215977576,-1.1999862508224293
-1m,104,1.1856858270106398,0.2665359879181619,0.2633300465244484,-0.0282514215843044,-1.1999846218771106
-1m,106,1.1863988291091192,0.2565460287761329,0.25319636439741855,-0.03146200650343645,-1.1999833165052904
-1m,108,1.1870709001578568,0.2475612411488376,0.2440607835882613,-0.035205614117552526,-1.199982320988066
-1m,110,1.1877029637998997,0.23942773416967414,0.23575519466206,-0.039629371756544365,-1.1999816327469006
-1m,112,1.1882979858233138,0.2320199777323046,0.22814177699523183,-0.04490980900742867,-1.1999804306894657
-1m,114,1.188856957379893,0.22523789837213554,0.22110862520350127,-0.0512610599719456,-1.1999789321029746
-1m,116,1.1893821338076664,0.21900334094704035,0.21456493877984764,-0.058946271309200604,-1.1999809489395867
-1m,118,1.1898762290418812,0.21325710469530565,0.20843686170845005,-0.06829312974481262,-1.1999819571326862
-1m,120,1.1903410214882701,0.20795654032316344,0.20266381608580672,-0.07971475835906587,-1.199983107594286
-1m,122,1.1907790797181743,0.20307443292270103,0.19719585887562577,-0.0937382622880922,-1.199984327493671
-1m,124,1.1911943987944391,0.1985884832801159,0.19198640055240945,-0.11092913925536191,-1.1999857027464242
-1m,126,1.1915897133454427,0.19449917627630728,0.18700300352238364,-0.13205005743286305,-1.1999871759528682
-1m,128,1.1919678234142035,0.19087117803688958,0.18223646511559508,-0.15874868327319358,-1.1999890710464203
-1m,130,1.1923362898028398,0.18772406364689456,0.17765008997788265,-0.1922186970033224,-1.1999905926767307
-1m,132,1.1927015334739128,0.18513463200265298,0.17323333360484144,-0.23442387593128305,-1.1999922909150924
-1m,134,1.1930733351294749,0.18328918255130558,0.16899151941955923,-0.28874305921577054,-1.199995643357813
-1m,136,1.193460246861174,0.18229651463037896,0.16492016079605717,-0.3575516487189108,-1.2000033483704815
-1m,138,1.1938671511269008,0.1823637535388755,0.16103593457008325,-0.4440695865328367,-1.2000202600925114
-1m,140,1.1942697056593201,0.1836661642239796,0.15735991009700473,-0.5488863686533615,-1.2000585837308468
-1m,142,1.1946040117596088,0.18562747596322882,0.15381985413689342,-0.6576306406035612,-1.2001313461326286
-1m,144,1.1948428461101135,0.18723229488901807,0.1503483042190685,-0.7522960951716229,-1.2002357233488292
-1m,146,1.1950221573642354,0.18752412149773104,0.14693857551550107,-0.8255612335415505,-1.2003316938095132
-1m,148,1.1951511978310465,0.18633628585301054,0.1436316693715755,-0.879830390775693,-1.2004011144539999
-1m,150,1.1952466663753019,0.18401063316825061,0.14043148643038683,-0.9201742973099393,-1.2004604050829992
-1m,152,1.1953203740791087,0.18088656553537233,0.13732990158399827,-0.9501428677919891,-1.2005413076730458
-1m,154,1.1953798951656778,0.17720632383996682,0.1343286391473324,-0.9717840021771214,-1.2004849616496205
-1m,156,1.195430894393323,0.1732476665977196,0.13141351466699566,-0.987923715200759,-1.1998663435660208
-1m,158,1.195476531951413,0.16917504032516026,0.1285826570926434,-1.0002977174904744,-1.1983875511972062
-1m,160,1.1955158088945437,0.16507050633206363,0.12582262301577768,-1.0102770158262935,-1.19567575132305
-1m,162,1.1955512271373907,0.16097450610388286,0.12312462307916311,-1.0187878739674003,-1.1921635566632287
-1m,164,1.195585451339512,0.15692597632185182,0.12049806886474058,-1.0260292569355465,-1.1852975727904844
-1m,166,1.1956187828509504,0.15295364132619216,0.11793172895386532,-1.032304061159856,-1.1773478345543675
-1m,168,1.1956521884312707,0.14908671877049928,0.11542876569374506,-1.037827534055897,-1.1742681897282692
-1m,170,1.195686512386568,0.14532912740171886,0.11298628324340866,-1.0426989368537267,-1.177370907708821
-1m,172,1.1957210282763084,0.1416919548673828,0.11059897334191802,-1.0470795642555637,-1.182596284773615
-1m,174,1.1957544433870093,0.1381691203379115,0.10826878752185576,-1.0512314270058654,-1.18715591800687
-1m,176,1.195786643453872,0.13474891363572394,0.10598819382024446,-1.0552825947102018,-1.190578784214792
-1m,178,1.1958179526387434,0.1314155074579813,0.1037560269873701,-1.059252218392036,-1.1930133871815196
-1m,180,1.1958487179327604,0.128170714604066,0.10157312605304292,-1.0631155199036597,-1.1947518675272133
-1m,182,1.1958792332266956,0.12500454054763974,0.09943676472241914,-1.066850954813474,-1.1959490550073322
-1m,184,1.1959096968763476,0.12191816693815002,0.09734544593895726,-1.0704493394345571,-1.1967994196350096
-1m,186,1.1959402566426058,0.118916258407934,0.09530074585279044,-1.073900893718059,-1.1974063192581315
-1m,188,1.1959709705427382,0.11599117227457743,0.09329862637971711,-1.0772181085904244,-1.1978583727142957
-1m,190,1.1960019527472703,0.11314288825490808,0.09133908173888126,-1.0804060761472438,-1.1981976540867862
-1m,192,1.1960331515231404,0.1103703032004067,0.08942088745612516,-1.0834742868816511,-1.1984626558874645
-1m,194,1.1960646656880094,0.10767203005995725,0.08754322019843488,-1.0864328552360845,-1.1986732585906021
-1m,196,1.1960964962552247,0.1050448961453387,0.08570457479196852,-1.0892918697924465,-1.1988427555039105
-1m,198,1.1961286547278263,0.10248615945841216,0.08390451509012117,-1.092058751881581,-1.1989811468659872
-1m,200,1.1961612304783453,0.09999930681267694,0.08214075734294903,-1.0947390988317942,-1.199095439106101
-1m,202,1.1961940983219246,0.09757557571954609,0.0804149466581273,-1.0973385085993765,-1.1991901441745818
-1m,204,1.1962272610979623,0.09521596566964881,0.07872482271675248,-1.0998630022341662,-1.1992698659395966
-1m,206,1.1962608504854813,0.09291910681414974,0.07707046400453216,-1.1023130994814339,-1.199336738345067
-1m,208,1.1962946823845608,0.09067600080689983,0.07544794807422635,-1.1047004651696088,-1.1993942106572342
-1m,210,1.1963289674595656,0.08850048604599473,0.07386067145207502,-1.1070159229018215,-1.1994419934577703
-1m,212,1.1963635598197488,0.08637652763393115,0.07230608967089984,-1.1092711466709568,-1.1994834616586758
-1m,214,1.1963984599311204,0.08430541685219453,0.07078150418992153,-1.1114678490685255,-1.1995189145144671
-1m,216,1.1964337242892698,0.08228683518237744,0.06928919722276528,-1.1136070826709474,-1.199549755275125
-1m,218,1.1964692703578037,0.08031952314818741,0.06782639099137111,-1.1156902040049594,-1.1995761770190534
-1m,220,1.1965051657920414,0.07840168213284641,0.06639436437126299,-1.1177196731279797,-1.1995994475727076
-1m,222,1.1965413336296007,0.07653219673416645,0.06499071177684959,-1.119696629466798,-1.1996195164478445
-1m,224,1.1965778173994526,0.0747086458712816,0.06361647752490962,-1.1216234644130647,-1.1996374346216072
-1m,226,1.1966145648408801,0.07293025246411297,0.06226954906450878,-1.1235013103827758,-1.1996529909481575
-1m,228,1.1966516305405985,0.07119840240182658,0.06095073962228395,-1.1253316333430177,-1.1996671445991558
-1m,230,1.196688884643939,0.06950734246275213,0.05965810472247798,-1.1271157343444076,-1.1996795210761144
-1m,232,1.1967264411563467,0.06786025839377968,0.05839253866898227,-1.128854398047672,-1.1996907188788009
-1m,234,1.196764146328331,0.06625205062586141,0.057152168220860916,-1.130549629723017,-1.1997008433683087
-1m,236,1.1968021108574807,0.06468515661829238,0.055937645105283644,-1.1322023175222986,-1.1997100402077954
-1m,238,1.1968402135640548,0.06315527508711896,0.05474738517572822,-1.1338139967209602,-1.1997184416829445
-1m,240,1.1968785249100233,0.06166438672566147,0.05358190470905456,-1.135385412698992,-1.1997261584707466
-1m,242,1.1969169524124903,0.06020871666036234,0.05243977178257174,-1.1369180608517726,-1.1997332859648313
-1m,244,1.1969555380378263,0.05878988842208104,0.05132140632268869,-1.1384125765680908,-1.1997398992515182
-1m,246,1.1969942137650964,0.057404577064917556,0.05022550940753269,-1.139870408529731,-1.1997460662410038
-1m,248,1.1970329982566295,0.05605410560725135,0.04915241788889931,-1.1412921028128618,-1.1997518397682465
-1m,250,1.1970718431677054,0.05473553500733518,0.04810095017064369,-1.1426790574237886,-1.1997572691323892
-1m,252,1.1971107492195852,0.0534499360666079,0.0470713715282787,-1.1440317463215652,-1.1997623917568105
-1m,254,1.1971496831667143,0.052194701754535694,0.0460626037325563,-1.1453515158832233,-1.1997672438777818
-1m,256,1.1971886325742083,0.05097069128029864,0.045074850682841415,-1.1466387804709763,-1.199771852085267
-1m,258,1.197227576114977,0.04977558518550445,0.044107127819640365,-1.147894826880167,-1.199776243385425
-1m,260,1.197266352941157,0.04861005835287313,0.043159577451609456,-1.1491200301888291,-1.1997804367363414
-1m,262,1.1973048820665402,0.04747203422002172,0.04223129173427192,-1.150315620430661,-1.1997844526146924
-1m,264,1.1973436543800295,0.04636206504938089,0.04132239356945616,-1.1514819448358757,-1.1997883045372104
-1m,266,1.1973821687175357,0.04527829198517676,0.04043204966831415,-1.1526201649410748,-1.199792008377731
-1m,268,1.197420690337431,0.04422111453866952,0.039560316154693013,-1.1537305835228682,-1.199795573834033
-1m,270,1.197459033318752,0.043188873037280924,0.038706434717654635,-1.1548143233312147,-1.1997990134058005
-1m,272,1.1974972823373853,0.042181866210454194,0.03787043190115219,-1.1558716657385502,-1.1998023340495416
-1m,274,1.1975353544765013,0.04119859644048577,0.03705160407762899,-1.156903681622425,-1.1998055459001364
-1m,276,1.1975732764953224,0.040239278737741836,0.036249951772627534,-1.1579105926156057,-1.1998086539534647
-1m,278,1.197611001405316,0.03930255578068115,0.03546482115421456,-1.1588934576828507,-1.1998116665630647
-1m,280,1.197648535218332,0.038388572987285874,0.03469619024368488,-1.1598524787204791,-1.1998145872688648
-1m,282,1.1976858470816745,0.03749610018460319,0.033943451482341944,-1.1607886459475942,-1.1998174232226215
-1m,284,1.1977229333546253,0.03662522272222936,0.033206562557324286,-1.1617021543821051,-1.1998201768971328
-1m,286,1.197759772595925,0.03577482318497491,0.032484958150083953,-1.162593945888031,-1.1998228544383827
-1m,288,1.1977963688730056,0.03494489021504113,0.03177853086591296,-1.1634642164830782,-1.199825457448522
-1m,290,1.1978327035008307,0.034134445649432923,0.031086626014141663,-1.1643138658032064,-1.1998279915777703
-1m,292,1.1978687009188964,0.033343697462797944,0.030409455711067103,-1.165142995348322,-1.1998304580757082
-1m,294,1.1979044399468153,0.03257097861146244,0.029746815138153727,-1.1659525873039063,-1.1998328616370106
-1m,296,1.1979398896111566,0.031816717262030225,0.029097681178674957,-1.1667428585622013,-1.1998352029080201
-1m,298,1.1979750042121913,0.031081400396652192,0.028462421305370744,-1.1675142347682097,-1.1998374866261217
-1m,300,1.1980097832950907,0.03036236209245387,0.0278407538780147,-1.1682671348586586,-1.19983971288261
-1m,302,1.1980442578024857,0.029660447152664762,0.027231866011966893,-1.1690024031056625,-1.1998418855998094
-1m,304,1.1980783628157996,0.028976021904051158,0.026636031987083413,-1.1697199281423099,-1.1998440053846935
-1m,306,1.1981121186786428,0.02830679968963945,0.02605297080652819,-1.1704205718037317,-1.1998460757664353
-1m,308,1.1981455331186046,0.027653466157657503,0.025481974153424285,-1.1711046166557795,-1.1998480965111988
-1m,310,1.1981785684307593,0.027016287246882056,0.024923254963354794,-1.1717724461971544,-1.1998500715854592
-1m,312,1.1982112266163354,0.026393307534871614,0.024376538858627096,-1.1724243906366183,-1.1998520005001478
-1m,314,1.1982435300491816,0.02578506724799319,0.023841203483242254,-1.1730611388712,-1.1998538865128163
-1m,316,1.1982754323459865,0.025191768697247145,0.023317412939173898,-1.173682642701553,-1.1998557295503343
-1m,318,1.198306949794078,0.024611719072970314,0.022804900108149166,-1.174289604572629,-1.1998575326339713
-1m,320,1.198338089636051,0.024045354728559048,0.02230311661587091,-1.1748822590879004,-1.199859295137153
-1m,322,1.1983688240355315,0.023492813126600978,0.02181218494371922,-1.1754609598993042,-1.199861020419691
-1m,324,1.1983991581650921,0.022952637589022887,0.021331850100117126,-1.1760259701176567,-1.1998627076988189
-1m,326,1.1984291074155093,0.022425165992654438,0.020861622558976986,-1.1765778721119424,-1.1998643598216725
-1m,328,1.1984586406956255,0.021910496920492926,0.020401593594158756,-1.177116649148346,-1.199865976347271
-1m,330,1.198487632241292,0.021407355500999193,0.01995151156727356,-1.177642882074296,-1.1998675599400632
-1m,332,1.1985160322399786,0.020915961128606105,0.019510891215949917,-1.1781567859397646,-1.199869109777873
-1m,334,1.1985443465522978,0.020436420268368664,0.019079717099633305,-1.1786586896937803,-1.1998706287616192
-1m,336,1.198572016957443,0.019967857996484442,0.018658017182433935,-1.1791487399966485,-1.1998721160286028
-1m,338,1.1985994270020732,0.019509891561565997,0.01824562963714298,-1.1796274890822172,-1.1998735740334103
-1m,340,1.1986264000217597,0.019062717541901593,0.017841848003497453,-1.1800950619467625,-1.1998750020689068
-1m,342,1.1986530347033693,0.01862647614674876,0.017446700405274823,-1.1805516742678843,-1.1998764027670241
-1m,344,1.1986791990075956,0.018199966413574794,0.017060204453360647,-1.1809975302109303,-1.1998777750872087
-1m,346,1.1987049419966627,0.017783017388426536,0.016682237641060353,-1.1814334684691523,-1.1998791222965732
-1m,348,1.1987302824052237,0.017375515310233503,0.016312096662682955,-1.181859192776252,-1.199880442705051
-1m,350,1.1987500360188588,0.01697812267615383,0.015949855310668094,-1.1822749337965508,-1.1998815182942808
-1m,352,1.19877691720061,0.01659005567266529,0.015596022178975303,-1.1826806191869899,-1.1998826764976096
-1m,354,1.1988056834900482,0.016211102489354322,0.015250005879864395,-1.1830769810713606,-1.199883834427471
-1m,356,1.1988540315928207,0.015841849669602195,0.014912461954253477,-1.1834637517894806,-1.199884985611534
-1m,358,1.1988976130314017,0.01548137336313349,0.014582530836050886,-1.1838411260977517,-1.1998861270819774
-1m,360,1.1989291163388966,0.015128629631884646,0.014259176468986568,-1.1842097054059082,-1.19988725602128
-1m,362,1.1989419064727227,0.014782651241165784,0.013941488205761526,-1.18457013255799,-1.1998883716908615
-1m,364,1.198942855731372,0.014444212979625778,0.013630272964466646,-1.1849229071970624,-1.1998894732456171
-1m,366,1.1988399135576455,0.014109466637836252,0.013321649234058226,-1.1852689132145444,-1.1998905606652934
-1m,368,1.198565675457321,0.013771775493547075,0.013009008187157644,-1.1856114550386656,-1.1998916312184147
-1m,370,1.1982759515920316,0.013439095354368227,0.012700256271439992,-1.1859507666941453,-1.1998926851217502
-1m,372,1.1980141805047135,0.01311516033641478,0.012399266073710372,-1.1862850774765694,-1.1998937234330356
-1m,374,1.1989621255535443,0.01284515912897746,0.012151526330002667,-1.1866004781566044,-1.1998947416191683
-1m,376,1.2022356510501442,0.012721057156454827,0.012050653491926576,-1.1868551346734684,-1.1998957514838435
-1m,378,1.2060550294041872,0.012658107386178665,0.012012831970501774,-1.1870386611394865,-1.199896766295793
-1m,380,1.209623260103487,0.012581420846385333,0.011961677759491987,-1.187180840031839,-1.1998977608584505
-1m,382,1.2124795927176468,0.012466348038144127,0.011871287822475356,-1.1873074656712155,-1.199898730694905
-1m,384,1.2129315322683414,0.01224333309038954,0.011670920139161963,-1.1874598795018974,-1.1998996786554885
-1m,386,1.2066499660171028,0.01169549217757801,0.011141012824940164,-1.1877369200873986,-1.199900611337967
-1m,388,1.1921677849126386,0.010663114762705194,0.010116841604025487,-1.1882629374835552,-1.1999014633589293
-1m,390,1.1737254117550244,0.00937285025170929,0.008823404830844633,-1.1890701738039662,-1.1999022777827268
-1m,392,1.1538453943701243,0.00802760328076331,0.00746809337564585,-1.1900748434654997,-1.1999031006788148
-1m,394,1.133195976961712,0.006678631491296245,0.00610554240101096,-1.1912143715593717,-1.1999039514809713
-1m,396,1.1121125614124872,0.0053144269431279565,0.0047264313617129345,-1.1924360595110937,-1.1999048207929095
-1m,398,1.0905632308725484,0.003831824145077802,0.0032255537281684994,-1.1937563818520482,-1.1999056722847525
-1m,400,1.0689585915186641,0.0024369130165874564,0.0018133743175525808,-1.195109994829782,-1.1999065531316087
-1m,402,1.0473685433651931,0.0010559534024555943,0.0004167690602753988,-1.1964749934917949,-1.1999074213821515
-1m,404,1.0258354922154702,-0.0003147071455268641,-0.0009679959167183319,-1.1978432646183053,-1.1999082737305595
-1m,406,1.004385632740532,-0.0016751393162352211,-0.0023410408736112675,-1.199209759706897,-1.1999091041813357
-1m,408,0.9830421110037546,-0.003024418044110273,-0.0037013862636423064,-1.2005703480341814,-1.199909912072543
-1m,410,0.9618082507556257,-0.0043634032845422275,-0.005050049884934245,-1.2019236207956023,-1.1999107007038454
-1m,412,0.9406898549163101,-0.005692251432226265,-0.006387260037518734,-1.2032680324510148,-1.1999114648283224
-1m,414,0.9196896384043116,-0.007010979547958263,-0.007713137283694532,-1.2046023180343033,-1.1999122310768702
-1m,416,0.8988076114627771,-0.00831991831584381,-0.009028161506972004,-1.20592532879295,-1.1999129673505704
-1m,418,0.8780445157665346,-0.009619173184072034,-0.010332616833130826,-1.207235398125448,-1.1999136924897191
-1m,420,0.8574029409878287,-0.010908532222119533,-0.01162653050902926,-1.2085298517119574,-1.1999144058598985
-1m,422,0.8368783662939239,-0.012188056662422175,-0.012910327587330728,-1.2098062063166029,-1.1999151088719608
-1m,424,0.8164728108966561,-0.01345684900517149,-0.01418357754802957,-1.2110593640993432,-1.199915803337935
-1m,426,0.7961895894279122,-0.014713206880240769,-0.015445273319774617,-1.2122815641413942,-1.1999164888671452
-1m,428,0.7760317374900003,-0.015954413465796187,-0.016693724216485236,-1.213461789629216,-1.1999171669627862
-1m,430,0.7559962102821169,-0.01717729397827978,-0.01792703693160174,-1.2145879406082594,-1.1999178386190439
-1m,432,0.7360854602037409,-0.01837690390100409,-0.01914198818883351,-1.2156429672324356,-1.1999185035550068
-1m,434,0.7163098175157642,-0.01954338621741175,-0.020331812765165824,-1.2165961215522478,-1.1999191624193326
-1m,436,0.6966533429327935,-0.020672062963536162,-0.021493748435872914,-1.217434147733404,-1.19991981569173
-1m,438,0.6771219214322257,-0.021749783068432893,-0.02261879794201682,-1.2181194429562032,-1.1999204633844427
-1m,440,0.6577120733528351,-0.022762551019116766,-0.023697543650199212,-1.2186144053105992,-1.1999211053833974
-1m,442,0.6384187839443823,-0.023693723929881158,-0.024718803128419002,-1.218876855574769,-1.1999217410707848
-1m,444,0.6192347351169846,-0.024524221618978406,-0.02566979936469025,-1.2188613621015598,-1.1999223693257628
-1m,446,0.6001506922304165,-0.025233053122442974,-0.026536547659664057,-1.2185220217944845,-1.1999229881156528
-1m,448,0.5811546436539152,-0.025798097961850272,-0.02730440444451345,-1.21781486844457,-1.1999236206301322
-1m,450,0.5622318822147422,-0.026197033115510703,-0.027958665778880797,-1.2167012525995313,-1.1999242855437686
-1m,452,0.5433639481628101,-0.026408113344411923,-0.028485088185364403,-1.215150065591567,-1.1999247948650829
-1m,454,0.5245282701443023,-0.026410990182624383,-0.028870279476099,-1.2131372752606422,-1.1999253085328756
-1m,456,0.5056967821940028,-0.0261872726643367,-0.029101809348349755,-1.2106475243265693,-1.1999258707101412
-1m,458,0.48683531373430056,-0.02571930825776634,-0.029168148884490343,-1.2076746356846597,-1.1999263988517535
-1m,460,0.467901879907071,-0.024992325066907684,-0.029057916144567916,-1.204222644816369,-1.1999268982812106
-1m,462,0.4488447676193337,-0.023991334526931585,-0.02876039152956701,-1.2002759329582853,-1.1999273868177351
-1m,464,0.429602088411655,-0.022701080992926333,-0.028262639274835365,-1.195820666659547,-1.1999279270816867
-1m,466,0.4101001958902125,-0.021104193634558482,-0.027548455063096,-1.1908509342733247,-1.1999284499561513
-1m,468,0.3902515082845169,-0.019179864859775707,-0.026601446792161223,-1.1853530568914399,-1.1999289784078657
-1m,470,0.36995344819532405,-0.016902123259601786,-0.02539570532252843,-1.1793033236766093,-1.1999294954645157
100u,-60,0.00012491937471013247,1.1876118103309001,1.1875855563995088,-5.8758344007613416e-08,1.1999850824246943
100u,-58,8.05094618622752e-05,1.1877385452294527,1.187712543800332,-3.991856580657976e-08,1.1999849857695704
100u,-56,7.608154799247521e-05,1.1878655480060825,1.1878397913890242,-2.571485569728699e-08,1.1999849097005966
100u,-54,9.151248699171962e-05,1.18799117986989,1.1879656612852054,-1.4894350319487044e-08,1.199984850289534
100u,-52,9.804265779121552e-05,1.1881135455956398,1.1880882590341262,-6.817757427957038e-09,1.1999848063694496
100u,-50,0.00013877812860052722,1.1882355121356591,1.1882104525815453,-7.980288881822409e-10,1.1999847727077197
100u,-48,0.0003408459319541895,1.1883633176974933,1.1883384794135174,3.2820015842151793e-09,1.199984745699522
100u,-46,0.0007769333522048782,1.1884989505365942,1.1884743283027035,6.845817167881716e-09,1.1999847231079244
100u,-44,0.0013373685061125163,1.1886336243950777,1.1886092127459948,9.68229833630417e-09,1.19998470868219
100u,-42,0.00193599500225237,1.1887618342241975,1.188737628021455,1.1556533610256365e-08,1.1999847060005506
100u,-40,0.0025722792197502057,1.1888857987954937,1.1888617933658692,1.2583859328381675e-08,1.1999847090765334
100u,-38,0.0013826256892376233,1.1889049031408743,1.1888810961609126,1.4721567174211844e-08,1.199984737800924
100u,-36,-0.0028772380753155744,1.188777366240132,1.188753764190681,1.164432853445554e-08,1.1999848362326948
100u,-34,-0.008314430144169271,1.1886518629661111,1.188628477828305,1.3544921096146713e-08,1.1999848680543304
100u,-32,-0.013682948548484088,1.1885974088861953,1.1885742494590743,1.4427500508587213e-08,1.1999848254986996
100u,-30,-0.019010127928669726,1.1885901934585144,1.18856726440984,1.5652718024221315e-08,1.1999847625949405
100u,-28,-0.02378655219095949,1.1886435646766014,1.1886208678546124,1.6742152723786044e-08,1.1999847090165117
100u,-26,-0.025781391184562633,1.1888613022615693,1.1888388349201464,1.6937527173492697e-08,1.19998463967161
100u,-24,-0.018956990977043894,1.1895305650925523,1.1895083099109012,1.5313187102784443e-08,1.1999844431972735
100u,-22,0.004016535420387192,1.190914569077771,1.1908924743012297,1.453256441500076e-08,1.199984079369732
100u,-20,0.04533549836007478,1.192944408754206,1.1929223793022483,1.3841580437849804e-08,1.1999837512686178
100u,-18,0.10347755259428737,1.1953894281340263,1.1953673197626487,1.1517135742266456e-08,1.1999836342156542
100u,-16,0.17409475955118736,1.1979548278584828,1.1979324362461952,5.0219971168280285e-09,1.199983778136734
100u,-14,0.24851304419915252,1.2002170953580151,1.200193378522807,-2.4127609614851784e-08,1.1999842056782801
100u,-12,0.3168419479089118,1.2017820070077627,1.2017571096585884,-4.502423581596578e-08,1.199984890766705
100u,-10,0.3756137124099354,1.2025387563229863,1.2025127917529277,-6.384547237220603e-08,1.1999855968581723
100u,-8,0.42755124472479783,1.2028173787683494,1.2027899544264848,-9.371553446568915e-08,1.1999860253989951
100u,-6,0.4746050465930268,1.2028008638248118,1.2027715243949992,-1.3378511883030818e-07,1.1999860813014487
100u,-4,0.5183908173127355,1.20258593375809,1.2025541292936919,-1.809587087914095e-07,1.1999858710310842
100u,-2,0.5599893805128522,1.202199886152833,1.2021649852181173,-2.453927867998128e-07,1.1999855479066606
100u,0,0.6000000000000025,1.2016140406677618,1.2015753222666639,-3.271075382212042e-07,1.1999852231248165
100u,2,0.6386797073731653,1.200770097771233,1.2007267917112736,-4.342167989380341e-07,1.199984968287005
100u,4,0.6761698391137542,1.1996133811482768,1.1995649596280713,-5.585620645057522e-07,1.1999848218502722
100u,6,0.7124489273638058,1.1980938490670212,1.1980397127345659,-7.061311663337512e-07,1.199984794987718
100u,8,0.7474446493188163,1.1961537967629785,1.1960925913139395,-8.951508085386769e-07,1.1999848704579006
100u,10,0.781006535986086,1.1937780807998086,1.1937093817238296,-1.1023741188388307e-06,1.1999850107667749
100u,12,0.8129879882664653,1.1909525179207128,1.1908758759036797,-1.3238050559497932e-06,1.1999851704055113
100u,14,0.8432317276515364,1.1876419909972886,1.1875568019143685,-1.565997287405577e-06,1.1999853150110171
100u,16,0.8716248004090345,1.183786346971368,1.1836918506649932,-1.8287645562151749e-06,1.1999854255823597
100u,18,0.8980900014361147,1.1793093623654392,1.179204649291211,-2.119340097767905e-06,1.1999854995052759
100u,20,0.9226177230829772,1.1741281529105385,1.1740121982829799,-2.4371495252547607e-06,1.1999855408557207
100u,22,0.9452393731198762,1.168160120311935,1.1680317948862189,-2.7886716139796134e-06,1.1999855586702273
100u,24,0.9660349430113369,1.161325048143004,1.161183140466893,-3.172756293823216e-06,1.199985559574773
100u,26,0.9851013368474132,1.1535453208970057,1.153388543388912,-3.5952673036816262e-06,1.1999855510909447
100u,28,1.002557669355241,1.144744561989459,1.1445715667299534,-4.054398314550645e-06,1.1999855315938377
100u,30,1.0185216905274026,1.134847540436524,1.134656926197617,-4.555153641383139e-06,1.199985505918626
100u,32,1.033117438895006,1.1237801977386952,1.123570525994557,-5.0960407676439985e-06,1.1999854902065763
100u,34,1.046458286687735,1.1114711044841405,1.1112409115934034,-5.681135303349735e-06,1.199985476428882
100u,36,1.0586558095449474,1.097852785654217,1.097600602379615,-6.3082140126246305e-06,1.1999854652403352
100u,38,1.0698084035373328,1.0828639313689272,1.0825883011070094,-6.982040419061039e-06,1.1999854579151628
100u,40,1.0800103430305157,1.0664510304603119,1.0661505332506513,-7.702012078375355e-06,1.1999854536149483
100u,42,1.0893439393218078,1.04857054679308,1.0482438241504315,-8.476728269886694e-06,1.1999854532781784
100u,44,1.0978873697396312,1.029190408750069,1.0288361887453041,-9.525029625368427e-06,1.1999854621784831
100u,46,1.105708887877369,1.0082920057762137,1.0079091518421277,-1.0610544620318504e-05,1.1999854755525938
100u,48,1.1128731661222337,0.9858718024660151,0.9854593706305557,-1.1197798750201814e-05,1.1999854737979656
100u,50,1.1194366345644797,0.9619437249154488,0.9615009783327438,-1.257890716582709e-05,1.1999854943865278
100u,52,1.1254526589540408,0.9365417077720758,0.9360682563214756,-1.4116687353251197e-05,1.199985524532916
100u,54,1.130967841121642,0.9097235375662936,0.9092194317673818,-1.615505645794352e-05,1.1999855662715586
100u,56,1.1360260577683046,0.8815746128604218,0.881040474932615,-1.868016592572597e-05,1.1999856380187919
100u,58,1.1406656189111546,0.852211066179098,0.8516482160168766,-2.160445464473816e-05,1.1999857474629687
100u,60,1.14492257259112,0.8217800990128822,0.8211906456397947,-2.439550134514227e-05,1.1999859078849635
100u,62,1.1488283682064053,0.7904584504467279,0.7898454347584098,-2.5920784673310343e-05,1.1999861256479902
100u,64,1.1524126389357514,0.7584522267778399,0.7578199118238986,-2.4281229227852818e-05,1.1999864045223518
100u,66,1.1557012710436065,0.7260020364091393,0.7253564879809611,-1.6689481054461326e-05,1.1999867473378456
100u,68,1.1587185799039819,0.6933890133122949,0.6927388105506294,4.4773171056135077e-07,1.1999870923167293
100u,70,1.1614858349659296,0.6609275803549172,0.6602843031338098,3.121578308986859e-05,1.19998743688746
100u,72,1.1640231968064567,0.6289298873488622,0.6283078215655618,7.937193869574496e-05,1.19998801290259
100u,74,1.166349033184481,0.5976483795578786,0.5970633152171021,0.00014741050827778005,1.1999887058959584
100u,76,1.1684813837336614,0.5672285246290308,0.566695996583444,0.00023583676161731146,1.199989355613984
100u,78,1.1704366920083662,0.5377037838254299,0.5372375343757282,0.0003435378073747659,1.1999898221860876
100u,80,1.1722310309742225,0.5090385173124372,0.5086495542785368,0.0004683728645163233,1.1999900442954812
100u,82,1.173878909973035,0.48119187545639946,0.48088812100051337,0.0006079810865648426,1.1999899505370126
100u,84,1.1753942281203187,0.45417359792783457,0.45395976224588813,0.0007601475014757113,1.1999895742873963
100u,86,1.1767895762540665,0.42807688602267563,0.4279543081051869,0.0009230483541568672,1.1999889495675211
100u,88,1.1780771533722927,0.4030854580253669,0.403051781359284,0.0010951199137792386,1.1999881890893713
100u,90,1.1792684902762829,0.37945360875287815,0.37950251054288986,0.0012751112038499298,1.1999873233230123
100u,92,1.1803744346653045,0.3574579671458309,0.3575793610634123,0.001462086297729742,1.1999864167062322
100u,94,1.1814046705373666,0.33732933248820407,0.3375104938241478,0.0016558814821012837,1.1999854788093116
100u,96,1.182368938584588,0.31918957294662015,0.31941708964622567,0.001857540171546219,1.1999845487985201
100u,98,1.1832735707398605,0.3030240401180692,0.30328587962250536,0.0020698833632077445,1.1999836360405836
100u,100,1.184125359874992,0.2887002804760493,0.2889871374470583,0.0022976111727073295,1.1999827843932063
100u,102,1.1849274921268993,0.2760146499311788,0.2763203265343152,0.0025473652351787565,1.1999820070898117
100u,104,1.185684056395927,0.26473975534572025,0.26506086716398314,0.0028275314863647214,1.1999813331127698
100u,106,1.1863964954315145,0.25465714000676,0.254992577816339,0.0031483275988195155,1.199980756339116
100u,108,1.1870676592593772,0.24557370481446464,0.2459241246009743,0.003521857079459488,1.1999802845340015
100u,110,1.1876985822904365,0.23732665731335684,0.23769411484828934,0.003962525653409402,1.1999799049375788
100u,112,1.1882919454688734,0.22978223728756086,0.23016998081744977,0.004487456251108763,1.1999796259092006
100u,114,1.1888486246204757,0.22283186836575786,0.22324427167817384,0.005117299292241804,1.1999792622250798
100u,116,1.1893706804856221,0.21638770722393205,0.21683031730771454,0.005877126576122286,1.1999788320835851
100u,118,1.1898603642495018,0.2103786100122185,0.2108582938140231,0.006797781745924413,1.199978973999527
100u,120,1.1903188885408267,0.2047465485921174,0.20527173119222947,0.007917353202740576,1.199979383195736
100u,122,1.1907480712375067,0.1994438206055329,0.2000248206398617,0.009283409692184757,1.199979831839476
100u,124,1.1911501476223147,0.19443083901120395,0.1950803128078544,0.0109555502911879,1.1999802794402972
100u,126,1.1915264454334344,0.18967431247436897,0.19040783174643883,0.013009014322983401,1.1999808442876798
100u,128,1.1918786088822746,0.18514581572414543,0.18598261274965494,0.015539324299116732,1.199981460761881
100u,130,1.1922085917146825,0.1808158719391007,0.18177882687947644,0.018643032343562536,1.199982247504831
100u,132,1.1925177187985108,0.17667201899372326,0.17779079288077473,0.022497152103549866,1.1999831183484242
100u,134,1.1928068682964779,0.17269713852001178,0.1740104841038713,0.02733985727031174,1.1999839711164675
100u,136,1.1930788436672501,0.16886215916151973,0.17041559251335864,0.03335414733200685,1.199984895226557
100u,138,1.1933344041298586,0.1651560022412754,0.16700810071700498,0.040887309911303904,1.1999858757620507
100u,140,1.1935756407549953,0.16156341288284704,0.16378837690434703,0.050356310557434746,1.1999870214640516
100u,142,1.1938041447830385,0.1580698152893049,0.16076214472211858,0.062302071917959834,1.1999883228404213
100u,144,1.1940220479439232,0.15466153260035786,0.1579423284225314,0.07743038838833947,1.1999899039161135
100u,146,1.1942319510738182,0.15132612653442917,0.1553517279477599,0.0966680958237865,1.199991828109761
100u,148,1.1944373829821926,0.14805309124350993,0.15302711872745625,0.12124218599604489,1.1999943505447679
100u,150,1.1946429791309798,0.14483545873405362,0.15102077898756383,0.1526620730594439,1.1999978081437197
100u,152,1.1948548755466735,0.14167032263773946,0.14940190296368613,0.19278098450816505,1.2000029598735724
100u,154,1.1950828962015596,0.13856853572037645,0.14832762195039717,0.2450354408842559,1.2000114321058684
100u,156,1.1953392981962332,0.13555120793808387,0.14799696013118077,0.31379116329767737,1.2000263756202267
100u,158,1.1956311632968546,0.132635792518853,0.14851835390385826,0.40080126382213016,1.200050812057439
100u,160,1.1959540653351497,0.12987173628840792,0.1502453869264814,0.5116312239786988,1.2000942192947288
100u,162,1.196242745849524,0.12721507348812153,0.1527825147825733,0.6341748502973169,1.2001629805658016
100u,164,1.1964141522465,0.12458029753299113,0.15528942715332364,0.7458695004877451,1.2002676505440868
100u,166,1.1965178175411029,0.12192465229388039,0.1566110359537884,0.8321978628979774,1.200381524484034
100u,168,1.196568382934829,0.11931049667492918,0.1564870997732748,0.8952837441396241,1.2004838458306184
100u,170,1.1965845935153556,0.11676880179371987,0.1551794931825841,0.9408001661567948,1.2005697973565297
100u,172,1.1965824836747172,0.1142956077900789,0.15308592935806886,0.9743887160058877,1.2006625736005485
100u,174,1.1965694371020001,0.11189654374373935,0.1503645133397121,0.9976251035443818,1.2003885701295531
100u,176,1.1965524187872467,0.10956805585565212,0.14731225944334278,1.0143583349578957,1.1990337646724816
100u,178,1.1965332324147768,0.10729301657219115,0.14408050372201048,1.0267934694357934,1.195632999196508
100u,180,1.1965123188966003,0.10507238153625405,0.14075454584057454,1.036601316540725,1.1909260080148865
100u,182,1.1964933570374485,0.10289835126017313,0.13739181618752958,1.0445796344711429,1.1844389222660436
100u,184,1.1964777113950176,0.10077375620748881,0.13404401005283803,1.0510750312777533,1.1757773609288744
100u,186,1.1964653541741284,0.09869528305209536,0.1307458757703432,1.0565116856308088,1.1706482599854853
100u,188,1.1964569034617216,0.09666429802020585,0.12751904407796108,1.06116972523201,1.1718589225742146
100u,190,1.1964521005080508,0.09467968157060778,0.12438043193411798,1.06521251557896,1.1767325065095828
100u,192,1.1964491327570526,0.09273811535570105,0.12132898718696143,1.0689670680799646,1.1815742523823543
100u,194,1.1964475747414645,0.09083468750973285,0.11835339885768066,1.0726022241903101,1.1856565124384666
100u,196,1.1964475608522671,0.0889685704018132,0.11544751601552017,1.076154328541573,1.1887842871757293
100u,198,1.1964493663028355,0.08714252522985125,0.1126075814626991,1.0796064631455162,1.1911284298739087
100u,200,1.1964531004635224,0.08535244506661348,0.10983285823657934,1.0829362963720721,1.1928865269164841
100u,202,1.1964587661454271,0.08359711793858818,0.1071210067951831,1.0861400171709443,1.1942483643902608
100u,204,1.1964664911799057,0.08187888831458598,0.1044798159396757,1.0892062585694458,1.1953045674515537
100u,206,1.1964761594318205,0.08019485848257442,0.10190291745995175,1.0921460856735403,1.1961420258191917
100u,208,1.1964876838224454,0.07854442945203398,0.09939123737646256,1.094968239069428,1.1968172482988402
100u,210,1.1965010243233045,0.07692726123822101,0.09694487656677399,1.0976815050153832,1.1973662636263607
100u,212,1.1965161041756855,0.0753424856447519,0.09456123508079071,1.100296504867713,1.1978155291635857
100u,214,1.1965328154750388,0.07378852993771945,0.09224287729726378,1.102821331124817,1.198185777509582
100u,216,1.1965510390700043,0.07226704457346113,0.08998499825893125,1.1052623747782233,1.1984912659616902
100u,218,1.1965707458696073,0.07077584051765105,0.08778636921006927,1.1076274419576222,1.1987447186626303
100u,220,1.1965917755063682,0.06931320768354975,0.0856445729281265,1.1099227974286594,1.1989272970658231
100u,222,1.1966140058590486,0.06787871762658679,0.0835571746501191,1.1121527446742157,1.1991320255038174
100u,224,1.196637576748509,0.06647348618473602,0.08152558458290196,1.1143166617849618,1.19928061258538
100u,226,1.1966623181118943,0.06509615038736069,0.07954728058172286,1.1164207635601358,1.1994014301958804
100u,228,1.1966880985392596,0.06374585733383271,0.07762125353213134,1.1184655319740422,1.199501609760652
100u,230,1.1967148819454057,0.06242213274266593,0.07574264672569746,1.1204590748510692,1.1995862578831278
100u,232,1.1967425448691984,0.06112422897350541,0.07391160191142594,1.1223971426445123,1.1996545548910085
100u,234,1.1967711992277816,0.05985298142369885,0.07213123623123495,1.1242841546446238,1.1997131296876755
100u,236,1.1968005792153873,0.05860523794170742,0.07039172652493031,1.1261224623622912,1.199760361023763
100u,238,1.1968308278232693,0.057383745108869386,0.06870117031278847,1.1279119841010534,1.1998011430799373
100u,240,1.1968616967852337,0.056184784850257526,0.06704913560676429,1.1296559659651193,1.1998336411068595
100u,242,1.1968933125450743,0.05501100004192667,0.06544296013501513,1.1313541127861717,1.1998621177157949
100u,244,1.1969254748058147,0.05385897529829305,0.06387352734283114,1.133009551338366,1.19988442835974
100u,246,1.196958258914168,0.0527310916843995,0.062347115895514796,1.1346217838327046,1.1999043770547033
100u,248,1.1969915199554004,0.0516242225891286,0.06085573012022648,1.136193851680753,1.1999196170294253
100u,250,1.19702527014431,0.05054044043988588,0.05940464545823704,1.1377252431827154,1.1999333833380332
100u,252,1.1970594435289574,0.04947710001498656,0.05798715336634107,1.139218340828663,1.1999444651484545
100u,254,1.1970940639738266,0.048435933847147214,0.05660761389655543,1.1406734873507067,1.1999536792738759
100u,256,1.197128959161077,0.04741439700203796,0.055259926270921224,1.1420922516787297,1.1999613651622523
100u,258,1.197164237328694,0.04641420686549023,0.053948040209533206,1.1434751007670856,1.1999677518435166
100u,260,1.1971997264073593,0.04543297286776227,0.052666500657839045,1.1448236026803598,1.199973082964162
100u,262,1.1972355082089152,0.04447224926447265,0.051418717613388926,1.1461380708869688,1.199977509468396
100u,264,1.1972714459847693,0.0435298343114366,0.05019984652445917,1.1474200829639347,1.1999812078535599
100u,266,1.197307591399417,0.04260712886658899,0.04901283054280272,1.1486698374914275,1.1999842753978414
100u,268,1.197343841363295,0.04170210663630623,0.04785335630742351,1.1498888918637995,1.199986841638804
100u,270,1.1973802211650788,0.040816027767158904,0.046723965611792,1.1510773616667045,1.199988967009205
100u,272,1.197416656016871,0.039947025792566024,0.045620808175576545,1.1522367735895156,1.1999907481681966
100u,274,1.1974531504786055,0.03909623342448675,0.0445460804027928,1.1533671787218043,1.1999922203359963
100u,276,1.19748965236624,0.03826192979090361,0.04349633685480913,1.1544700654404387,1.1999934570585125
100u,278,1.1975261507145931,0.037445132099053154,0.04247347611733862,1.155545436393466,1.1999944763862072
100u,280,1.197562610684721,0.03664425210170203,0.04147440717246843,1.1565947567846748,1.1999953355229835
100u,282,1.1975990116351318,0.03586020341744554,0.04050077495215611,1.1576179284737966,1.1999960409384087
100u,284,1.1976353300341422,0.035091517145001014,0.03954979512633516,1.1586164154098797,1.1999966382380978
100u,286,1.1976715391569455,0.03433901336782634,0.03862289323884076,1.159590102056129,1.1999971259811675
100u,288,1.1977076255260253,0.03360133388671353,0.03771756033230602,1.1605403702405641,1.1999975416336943
100u,290,1.1977435571511539,0.03287921247943931,0.03683502899161179,1.1614670984285087,1.199997878547924
100u,292,1.1977793319620609,0.03217138184418355,0.03597302363746853,1.1623716180031989,1.199998168193362
100u,294,1.197814920989028,0.03147837055336299,0.035132485199224586,1.1632538285383354,1.1999984005424018
100u,296,1.1978498091746141,0.030799513317362488,0.03431181504611771,1.164114911184953,1.1999986028101906
100u,298,1.1978849342616869,0.03013407584211118,0.033510153006086854,1.1649551178339068,1.199998762484439
100u,300,1.1979197340634824,0.029483369905805187,0.0327297468229284,1.1657749721015405,1.199998904326926
100u,302,1.1979542787084323,0.028845601099483767,0.031966938808661846,1.1665746717115613,1.1999990143275487
100u,304,1.1979884534435223,0.028220564347743483,0.031221807732805317,1.1673555284421668,1.1999991132731858
100u,306,1.1980225835874914,0.02760935404726398,0.030496179987412532,1.1681171593366522,1.1999991884961476
100u,308,1.1980562333305227,0.02701040204487862,0.029786972738124397,1.168860579452884,1.199999258794245
100u,310,1.1980896053775538,0.02642350185789742,0.029094193519886558,1.169586136905929,1.1999993093787134
100u,312,1.1981227920259558,0.025849579959203877,0.028419327848139418,1.170294305824889,1.1999993593791283
100u,314,1.1981555460174353,0.02528726815082325,0.027759785277164592,1.1709852431651822,1.1999993938122855
100u,316,1.1981879455898032,0.024736348858375556,0.02711549525740392,1.1716599826449572,1.1999994291930818
100u,318,1.198220151717427,0.0241976211677165,0.026487697236825373,1.1723182830856966,1.1999994521324784
100u,320,1.1982518854252016,0.023669870805496398,0.02587417427061861,1.1729609619751529,1.199999478093285
100u,322,1.198283266990457,0.02315289257850706,0.025274831335279392,1.1735882951535097,1.1999994926741484
100u,324,1.1983143962139147,0.02264735673541968,0.02469067350747225,1.174200719132866,1.199999511773907
100u,326,1.1983450670967108,0.022152200928403823,0.024119824880668043,1.174798367100181,1.1999995212303154
100u,328,1.198375351431927,0.0216672153517534,0.02356214708749426,1.175382070306499,1.1999995351891009
100u,330,1.1984053688992458,0.02119297503630193,0.023018479309105853,1.175951683686461,1.1999995408813369
100u,332,1.1984349138137926,0.0207285374786379,0.0224872052125345,1.1765078644808191,1.1999995517904436
100u,334,1.1984640712297274,0.02027370072482406,0.021968178332602104,1.1770508500062247,1.1999995546054971
100u,336,1.1984929316354977,0.019828938104097787,0.021462069045468376,1.177581028665746,1.1999995631250622
100u,338,1.1985213721529318,0.019393280354585044,0.020967363143498688,1.1780985530361856,1.199999564420814
100u,340,1.1985494154878291,0.018966799656437112,0.020484142024043066,1.178604076460134,1.19999957101717
100u,342,1.1985769810230955,0.0185497054588258,0.020012537181079072,1.1790975973039404,1.1999995711021418
100u,344,1.198604206171422,0.018141740913542433,0.019552640408941946,1.179579366703095,1.1999995769149756
100u,346,1.1986310789390218,0.017741983281174902,0.0191027334866597,1.1800498283748173,1.1999995762774047
100u,348,1.1986575319585866,0.017350928904886077,0.01866353620265709,1.180509094045635,1.1999995783379385
100u,350,1.198678157978408,0.016968108955795366,0.01823458766092416,1.1809579005237834,1.199999473485713
100u,352,1.1987060487500378,0.016593740016695037,0.017815863372664026,1.1813958829672646,1.1999994206740898
100u,354,1.198735840330048,0.01622765099070928,0.017407204634557038,1.1818235707075697,1.1999993788602046
100u,356,1.1987852109893362,0.015870316604857257,0.01700895005880402,1.1822408947726386,1.199999345021675
100u,358,1.1988298203431498,0.01552096946345303,0.01662026702780185,1.1826479678228867,1.1999993166185394
100u,360,1.1988623494198194,0.015178466352047741,0.016239970945327344,1.1830455616003592,1.1999992927400134
100u,362,1.1988761953313487,0.014841996186385188,0.0158671852373114,1.183434193071526,1.199999272731117
100u,364,1.1988788258334686,0.01451249738782392,0.015502852098192788,1.1838144729438327,1.1999992563100208
100u,366,1.1987762532708521,0.014185575541001442,0.015142455570107117,1.1841872269302256,1.1999992411167013
100u,368,1.1985032342636546,0.013855119717550385,0.014779962931316695,1.1845558454261056,1.1999992267288802
100u,370,1.198214114879255,0.013528921259776993,0.014423169853812558,1.1849205327109713,1.1999992179732775
100u,372,1.1979595421579203,0.013210985513048367,0.014075931160815361,1.1852795395798712,1.1999992125627348
100u,374,1.1989092020264678,0.012946590644525963,0.013783182100374892,1.1856189637483334,1.1999992297509219
100u,376,1.2021777278259052,0.012828955406722867,0.013636479509703535,1.185896949814578,1.1999992696067947
100u,378,1.205996097055256,0.01277457323512548,0.01355136693540485,1.1861034836247228,1.199999268016351
100u,380,1.2095584318794768,0.012707176838294814,0.013453065024529346,1.1862667192933396,1.1999992369448582
100u,382,1.2123919839213682,0.012600023680525842,0.013316102807097517,1.1864163627918918,1.1999991958362737
100u,384,1.2129134708276423,0.012387355776808943,0.013075854284751356,1.1865910602416536,1.1999991352903394
100u,386,1.206497780867418,0.011835262088704349,0.012501245675971617,1.186890737763915,1.199999009061315
100u,388,1.192133912562293,0.010803378972939617,0.011456560425889006,1.1874312990163327,1.1999988210691768
100u,390,1.1736554810773847,0.009492258852571812,0.010144655970641995,1.1882592502173372,1.1999988424128094
100u,392,1.153718477073193,0.008120930857190733,0.008779924111528371,1.1892902184905163,1.1999989433117964
100u,394,1.1330833812520693,0.006744562135015009,0.007413584149806486,1.1904453179139152,1.1999990547270836
100u,396,1.1119831011347063,0.0053489747606458105,0.0060298126508011125,1.1916880644343153,1.1999991323020778
100u,398,1.0905098636976023,0.0038627301432585383,0.004557807002365854,1.1930077488263862,1.1999991550628377
100u,400,1.0688947699321076,0.0024272622951147125,0.003137032178655605,1.1943770529207984,1.1999991969017456
100u,402,1.0472992637191816,0.0010180718255677892,0.0017410762802822668,1.1957588352035926,1.1999992482332151
100u,404,1.0257610988251673,-0.00037895728880349617,0.0003558130384378928,1.1971429495419625,1.1999992725974713
100u,406,1.0043075377304713,-0.0017637550222835347,-0.001018596723236995,1.1985246138584378,1.1999992804632855
100u,408,0.9829606217175749,-0.003135782914977794,-0.002381634657470444,1.1999001584620606,1.1999992807625237
100u,410,0.9617206673534561,-0.00449605275515807,-0.0037341638291354673,1.2012679903715515,1.1999992771423524
100u,412,0.9405974757767296,-0.00584422564546809,-0.0050758342172459925,1.20262626392031,1.1999992714126548
100u,414,0.9195935070322152,-0.007180657316851308,-0.006406896537259466,1.20397376707816,1.1999992646710045
100u,416,0.8987069924134793,-0.008505989273771573,-0.007727838124226379,1.205309586133774,1.1999992578447383
100u,418,0.8779426816584159,-0.009820120679258457,-0.009038413652980129,1.2066317558931985,1.199999251144366
100u,420,0.8572972321705173,-0.011123579470537827,-0.010338885752866721,1.2079383824848058,1.1999992433814788
100u,422,0.8367714041499322,-0.012416292729996038,-0.011628843093054878,1.2092260453344514,1.199999245704735
100u,424,0.816364640187483,-0.013698127344585212,-0.012907677770688842,1.2104899185355333,1.1999992466779419
100u,426,0.7960814989026811,-0.014967856362941609,-0.014173447297980733,1.21172181866692,1.1999992494389038
100u,428,0.7759188334525073,-0.016224504948123372,-0.015424251918797567,1.2129128928045187,1.199999256304507
100u,430,0.7558857644307443,-0.017464840486695533,-0.016655322681603177,1.2140463217622768,1.1999992676526157
100u,432,0.7359830007358814,-0.01868493330216833,-0.017860704745439392,1.2151025764562808,1.1999992844004945
100u,434,0.7161989450957714,-0.019882591478658722,-0.01903650949753311,1.216068678017808,1.1999993060500311
100u,436,0.6965417130831778,-0.02105051058187774,-0.020172153929645196,1.2169133297728971,1.1999993334050785
100u,438,0.6770094962504574,-0.022181036508199675,-0.02125623038327669,1.2176042737565749,1.199999366585342
100u,440,0.657599024315546,-0.023264744625617607,-0.02227471592408189,1.2181039702920469,1.1999994050209442
100u,442,0.6383050457924982,-0.02429044159759754,-0.0232109388622434,1.2183701787592174,1.1999994472221713
100u,444,0.6191203808216358,-0.02524535020102112,-0.024045806843476562,1.2183576337475857,1.1999994906863465
100u,446,0.600035592759299,-0.02611549766825359,-0.024758327706364755,1.218020423109137,1.1999995319989054
100u,448,0.5810387618360715,-0.026886253549849023,-0.025326376483362303,1.2173147373925883,1.1999996160012476
100u,450,0.5621149533952964,-0.027542956789057518,-0.025727685868129294,1.2162022304333724,1.199999665010903
100u,452,0.543245745227537,-0.028071341297769493,-0.025940429198052575,1.2146513877829075,1.1999996239937274
100u,454,0.5244083544075788,-0.02845802494674275,-0.025944466824099035,1.2126386506275284,1.1999995968543649
100u,456,0.5055746315413282,-0.028690606149672306,-0.025720925475517676,1.210148393292272,1.1999995735910822
100u,458,0.48671015333021456,-0.028757461809566575,-0.025252772536602536,1.2071750275364792,1.1999995396366618
100u,460,0.4677726761806962,-0.028647298773361692,-0.024524755627431054,1.2037204323056543,1.1999995001087769
100u,462,0.4487101608346392,-0.028348944649957467,-0.02352185719730938,1.1997711812560459,1.1999994627767911
100u,464,0.4294602681770804,-0.027849613583796916,-0.022228739884571837,1.1953121190397231,1.1999994436723773
100u,466,0.40994863191194475,-0.027134211321470016,-0.020627978666300572,1.1903372823253517,1.1999994352127525
100u,468,0.39008680566002424,-0.026184612529282763,-0.018698686235131955,1.184832573674364,1.1999994379244336
100u,470,0.36977095994098164,-0.024975525358510768,-0.01641458073580977,1.1787740345665134,1.199999454093802
-100u,-60,0.0001257957165064522,1.187585594890474,1.1876114890922687,1.9742170296176403e-08,-1.1999991582358045
-100u,-58,8.123176805089045e-05,1.1877125420990298,1.1877382710647773,1.9418159762927003e-08,-1.1999991433353412
-100u,-56,7.660339332903781e-05,1.1878397652972283,1.1878653155013585,1.8907791992810642e-08,-1.1999991267801093
-100u,-54,9.190814473206231e-05,1.1879656059474044,1.187990967999942,1.4636866729551106e-08,-1.1999991159758483
-100u,-52,9.866466220801282e-05,1.1880882072449315,1.1881133749426103,9.700061425323996e-09,-1.1999991121631155
-100u,-50,0.000138765770451679,1.188210381731284,1.188235351629494,7.614245404165895e-09,-1.199999105736407
-100u,-48,0.00034097577708640665,1.188338396189794,1.1883631664085508,-3.1553895615686474e-09,-1.1999990866556405
-100u,-46,0.0007767955723770481,1.1884742327587126,1.188498803501596,-3.949425642200707e-09,-1.1999990657167414
-100u,-44,0.001337215171205536,1.1886091033011064,1.188633475966265,-5.904977349501478e-09,-1.1999990665821652
-100u,-42,0.0019353719347331507,1.188737525622317,1.1887617022990484,-7.72728738653473e-09,-1.1999990839984216
-100u,-40,0.0025723906692757307,1.188861712501442,1.1888856955716116,-9.447193127927003e-09,-1.1999990964417313
-100u,-38,0.0013847759547537058,1.1888811211472559,1.1889049112490544,-1.011350586068856e-08,-1.1999992872119194
-100u,-36,-0.002874535898273861,1.1887538061188025,1.1887773953287415,-1.1341969269719686e-08,-1.1999995522731757
-100u,-34,-0.008311487559121379,1.1886284452837326,1.1886518207505459,-1.2831269890811263e-08,-1.1999994773359124
-100u,-32,-0.013680288692998834,1.1885741591273924,1.1885973112578425,-1.4167474515819806e-08,-1.1999992088795963
-100u,-30,-0.019005991459750488,1.1885674455751842,1.1885903691445192,-1.5093828343826338e-08,-1.1999989900507937
-100u,-28,-0.02376054022038339,1.1886221367560927,1.1886448295333754,-1.5818312873972324e-08,-1.1999988290889136
-100u,-26,-0.025780397512340084,1.1888384759986739,1.188860940352103,-1.6435638018397466e-08,-1.1999985337510277
-100u,-24,-0.018902678674130258,1.1895103914832934,1.189532644557221,-1.796778415495879e-08,-1.1999976133478034
-100u,-22,0.004042945862139292,1.190892943248412,1.1909150365129664,-1.6729342748441896e-08,-1.199996347891578
-100u,-20,0.04524407996625081,1.1929194985827811,1.192941526225002,-1.3157512082488247e-08,-1.1999956030254948
-100u,-18,0.10357072725920885,1.195367647493949,1.1953897566233476,-7.135722015383552e-09,-1.1999957248618778
-100u,-16,0.1740390705654845,1.1979343167493304,1.1979567052453928,1.5390337891163661e-09,-1.199996568658754
-100u,-14,0.24846560437258022,1.2001908878857488,1.2002145524923367,3.137765166762276e-08,-1.1999982795315636
-100u,-12,0.316897340276004,1.2017631195058447,1.2017880190015036,5.445152286643049e-08,-1.2000005829053029
-100u,-10,0.3756066663280814,1.20251377724976,1.2025397459244591,6.843231996378537e-08,-1.2000022600318019
-100u,-8,0.42747479169877506,1.2027866541548156,1.202814086690863,9.102615968576505e-08,-1.2000026611055197
-100u,-6,0.4746449827253572,1.2027752824480218,1.2028046122320473,1.2559034110694868e-07,-1.200002082761094
-100u,-4,0.5184105720011631,1.2025573600939996,1.2025891542776035,1.7117182137330722e-07,-1.2000010220501471
-100u,-2,0.5599952302734283,1.2021683431252554,1.2022032336389388,2.3706858407875748e-07,-1.1999999359076345
-100u,0,0.5999999999999988,1.2015789336421743,1.2016176426958807,3.2076515196546093e-07,-1.1999990359919945
-100u,2,0.6387818635120315,1.200760618720903,1.2008038532996381,4.271186396511892e-07,-1.1999984193186628
-100u,4,0.6761597803820634,1.199573143881856,1.1996213456411393,5.518625041972015e-07,-1.1999982384381713
-100u,6,0.7124298843548044,1.1980407447752877,1.198094894828692,7.072717306787895e-07,-1.1999983546987212
-100u,8,0.7474221878394559,1.1960940176827346,1.1961552327224851,8.981115405830773e-07,-1.1999986935481042
-100u,10,0.7809842003878132,1.1937116280163245,1.1937803295365066,1.1046193247607366e-06,-1.1999991220841126
-100u,12,0.8129622437650942,1.19087896528098,1.1909556123237437,1.3263907057322153e-06,-1.1999995152773957
-100u,14,0.8432054960619595,1.1875602812440762,1.1876454743697964,1.56686462777755e-06,-1.1999998086307293
-100u,16,0.8715959689806814,1.1836953928984084,1.1837898958958437,1.8295917867778266e-06,-1.1999999836527278
-100u,18,0.8980615157419849,1.1792080415875015,1.179312760393881,2.118664804567834e-06,-1.200000059285341
-100u,20,0.9225883857538979,1.1740154467103365,1.1741314084409018,2.4368381251164194e-06,-1.2000000588889237
-100u,22,0.9452117217031052,1.1680349377862553,1.1681632691771582,2.7873209010165386e-06,-1.2000000103315056
-100u,24,0.9660077968900772,1.1611863021169522,1.1613282163141505,3.172138158891453e-06,-1.1999999300482498
-100u,26,0.9850765351593801,1.1533917550618717,1.1535485379442543,3.5937874561172993e-06,-1.199999835992771
-100u,28,1.0025339451110853,1.1445749058618453,1.144747906585556,4.053857893818056e-06,-1.1999997348098417
-100u,30,1.0185003966154684,1.1346603933639035,1.1348510119949693,4.554257588507403e-06,-1.1999996368270645
-100u,32,1.0330973503287004,1.123574166003444,1.123783841848682,5.095667666654553e-06,-1.1999995429991825
-100u,34,1.0464403981821782,1.111244727231463,1.1114749231016017,5.679834696613873e-06,-1.1999994586078213
-100u,36,1.0586390320514896,1.0976046724501525,1.097856858042527,6.30767588185326e-06,-1.1999993820684889
-100u,38,1.06979347394892,1.0825926597868898,1.0828682911080185,6.980804298485318e-06,-1.1999993176029347
-100u,40,1.0799963707220883,1.0661552879929377,1.0664557852298888,7.701496813352869e-06,-1.1999992615343913
-100u,42,1.0893314835532721,1.048249041148724,1.0485757623758611,8.475525001917114e-06,-1.1999992166487619
-100u,44,1.0978757043175689,1.0288419835487013,1.029196195083645,9.315786190193472e-06,-1.1999992053424045
-100u,46,1.105698483510319,1.0079156295992298,1.00829846888795,1.0243600278094867e-05,-1.1999991900330544
-100u,48,1.1128634301140912,0.985466661976559,0.9858790905151485,1.1301546104287612e-05,-1.1999991585074252
-100u,50,1.1194279154817746,0.9615091772507796,0.9619519160171048,1.2564391357167597e-05,-1.199999162895718
-100u,52,1.125444510765471,0.9360775081531796,0.936550949514434,1.4141662026207357e-05,-1.1999992094608856
-100u,54,1.13096052982353,0.9092298783282011,0.9097339710626768,1.6160828731225345e-05,-1.1999993199886827
-100u,56,1.1360192158105042,0.8810523475127391,0.8815864665760678,1.8695355684845434e-05,-1.1999995229258418
-100u,58,1.1406594725985097,0.8516617636107108,0.852224590218035,2.1621410892192326e-05,-1.1999998577254645
-100u,60,1.1449168162934342,0.8212061247461478,0.8217955486497883,2.441336109384259e-05,-1.2000003485176147
-100u,62,1.148823179622949,0.7898629484557516,0.7904759341518467,2.5937305322604933e-05,-1.2000010099153182
-100u,64,1.1524077849014,0.7578395071788968,0.758471789150227,2.4285215100447557e-05,-1.2000018383622582
-100u,66,1.155696883971503,0.7253783357166067,0.7260238446437765,1.667687126651661e-05,-1.2000028508003728
-100u,68,1.1587144694699367,0.6927635091120853,0.6934136473837513,-5.001738984547896e-07,-1.2000034335467749
-100u,70,1.1614821126238446,0.6603127522380153,0.6609559289977462,-3.1304110586006224e-05,-1.2000047842862978
-100u,72,1.1640196881687577,0.6283403355788251,0.6289622593247542,-7.951945998312743e-05,-1.2000068154983543
-100u,74,1.1663458719683013,0.5970990941074241,0.5976839977248284,-0.000147581273517563,-1.2000086752172003
-100u,76,1.1684784214619435,0.5667330865425844,0.5672654601050502,-0.00023601420431494582,-1.2000101580680336
-100u,78,1.1704340230340686,0.5372738891649721,0.5377400150022951,-0.00034368680093821305,-1.2000109821434566
-100u,80,1.172228548658672,0.5086839058790984,0.5090727818973632,-0.0004684942421845989,-1.2000109324575676
-100u,82,1.1738766771231004,0.4809202273000782,0.4812239321720062,-0.000608063902787126,-1.2000100127438529
-100u,84,1.1753921499213138,0.4539901977083089,0.45420401432250956,-0.0007602093460156064,-1.2000083661289949
-100u,86,1.176787689940265,0.42798411871593384,0.4281067080814997,-0.0009230823887683289,-1.200006232687148
-100u,88,1.1780753977646206,0.4030822855710384,0.40311600767724487,-0.0010951422445379408,-1.2000038138497455
-100u,90,1.1792670746441871,0.3795349899602828,0.3794861803169191,-0.0012751085713396217,-1.200001261968662
-100u,92,1.1803728795017738,0.3576145345671856,0.3574932851391125,-0.0014620695294710636,-1.19999865024077
-100u,94,1.1814036272445108,0.33754795627256357,0.33736698026791495,-0.0016558403080152067,-1.1999960338791773
-100u,96,1.18236765029275,0.319455221282704,0.3192278971854304,-0.0018574993013473,-1.199993462892802
-100u,98,1.1832727548656594,0.30332260944486444,0.3030609363643233,-0.0020698487148454485,-1.199991020635167
-100u,100,1.1841242811071513,0.2890208260985126,0.2887340910658874,-0.0022976144543937695,-1.1999887881266278
-100u,102,1.1849267969394273,0.2763501603394874,0.27604456062428695,-0.002547409657264845,-1.1999868277004515
-100u,104,1.1856831073491525,0.2650867429861653,0.2647656706391149,-0.002827640692700072,-1.199985157873575
-100u,106,1.1863958579904064,0.2550148107684497,0.2546793851050508,-0.003148498602099997,-1.1999837696933597
-100u,108,1.187066800334533,0.2459432084807134,0.24559278173425117,-0.0035221101206693627,-1.1999826439200088
-100u,110,1.1876979862312986,0.2377105622069408,0.2373430847218739,-0.003962856798353842,-1.1999817711187692
-100u,112,1.188290995816505,0.2301842558226049,0.22979648476527592,-0.0044877940382003325,-1.1999813859888941
-100u,114,1.1888477865167963,0.2232567653246583,0.22284432625864545,-0.00511786814521664,-1.1999790072121983
-100u,116,1.1893702145446254,0.21684137897975014,0.2163987238796213,-0.005877951929848149,-1.199978926841862
-100u,118,1.1898595886264154,0.21086815804006265,0.21038842313577677,-0.006798628896737266,-1.1999806170068785
-100u,120,1.1903181217811873,0.20528060130341172,0.20475536070252545,-0.007918351572529011,-1.1999816147652334
-100u,122,1.1907476380365754,0.20003288506732597,0.19945181848816843,-0.009284627760840167,-1.1999826555757882
-100u,124,1.1911494652760646,0.1950876863813261,0.19443813558349432,-0.01095705191813863,-1.1999839120534812
-100u,126,1.1915256765384714,0.19041460776363225,0.18968100006166302,-0.013010726164758566,-1.1999853489622982
-100u,128,1.1918778833357742,0.18598888202551977,0.18515197789552587,-0.015541792364022863,-1.1999871193484373
-100u,130,1.1922085434501568,0.18178240024616085,0.18081960914103665,-0.01863866374931601,-1.1999891501461741
-100u,132,1.1925177749051423,0.17778916309835674,0.1766713971255893,-0.022471085269149326,-1.1999911466544682
-100u,134,1.19280729349474,0.17400492233678852,0.17269365063677378,-0.027285822405479505,-1.1999929290819227
-100u,136,1.1930791018324203,0.17041008598896942,0.16885927524278216,-0.033285513487354604,-1.1999948122937958
-100u,138,1.1933349777934699,0.1670025018485912,0.1651537325038598,-0.04079977636247606,-1.19999671085792
-100u,140,1.1935762502512668,0.16378241999022367,0.16156170320890237,-0.05024429195014633,-1.1999987511060268
-100u,142,1.1938049282433882,0.16075551580143468,0.15806863408221158,-0.06215811388166345,-1.2000008358872525
-100u,144,1.1940222081569851,0.15793457286556944,0.1546608132123858,-0.0772445233420485,-1.2000030067060914
-100u,146,1.1942320483419668,0.15534222958871613,0.15132579036372557,-0.09642682748655436,-1.2000051565591257
-100u,148,1.1944370066821417,0.1530149439410131,0.1480529654943648,-0.12092703588885725,-1.2000072598828713
-100u,150,1.1946422649953448,0.15100655909997837,0.1448356143030927,-0.15228921594131056,-1.200009240963807
-100u,152,1.1948535337767736,0.14938039247924695,0.14166984488864606,-0.19226176110199197,-1.2000112436243104
-100u,154,1.1950829204624462,0.14834771204064495,0.13857272881688695,-0.24543113689891619,-1.2000140614050774
-100u,156,1.1953390856726562,0.14799111033800585,0.13555240620339762,-0.31361969472238904,-1.2000194714521168
-100u,158,1.195632403334864,0.14854961893759797,0.1326415942398404,-0.4013677362574892,-1.2000317120282367
-100u,160,1.1959554065021842,0.1502402850027597,0.12987292123204525,-0.5115413797144153,-1.200060788806064
-100u,162,1.1962401111814691,0.1527793027115841,0.12721682185099095,-0.6338829684000615,-1.2001241978341122
-100u,164,1.1964150059936796,0.15531009874057974,0.12458284685563853,-0.7463092238060848,-1.2002359908536484
-100u,166,1.1965173770125175,0.15660966438780333,0.12192651815411355,-0.8321438447314193,-1.200387605844079
-100u,168,1.1965696851493368,0.1565382211661825,0.11930881061544896,-0.8960188630697035,-1.2004924464671445
-100u,170,1.1965857884115008,0.1552407038343223,0.11676491281912542,-0.9417167308914978,-1.200561599957762
-100u,172,1.196582282450903,0.15308143892626253,0.11429739505556097,-0.9743200756344391,-1.200590997547818
-100u,174,1.1965693671061894,0.15036217008034125,0.11190113710964815,-0.9975545713992411,-1.2003793167478758
-100u,176,1.1965526204576424,0.1473113510316816,0.1095690207363583,-1.014279405212895,-1.199498973489321
-100u,178,1.1965338723535788,0.14408414255407195,0.1072971057673471,-1.0267036961577878,-1.1972850931490864
-100u,180,1.1965133381113784,0.14076540438753632,0.10507588396636589,-1.0364546585154786,-1.1941135553755686
-100u,182,1.1964941210664415,0.13740558275496254,0.10290053864724531,-1.0444815166351245,-1.1893024713883054
-100u,184,1.1964781142187635,0.13406143442598353,0.10077619846386612,-1.0510242187956678,-1.180705843181283
-100u,186,1.1964650885663215,0.13075930681909292,0.09869694251955008,-1.0565435690554907,-1.1746913576209648
-100u,188,1.1964561079063927,0.12752677472418308,0.09666887624843987,-1.061260234238111,-1.175205041617222
-100u,190,1.1964511088393155,0.12437852705433122,0.09468375761177518,-1.0653454406809564,-1.1800943469255762
-100u,192,1.1964483293393375,0.1213210968598658,0.09274054609659602,-1.0690727629806815,-1.1851458908028394
-100u,194,1.1964470383262444,0.11834366501421717,0.09083862694723863,-1.072662531261027,-1.1891162555299588
-100u,196,1.196447217967111,0.11543876316114417,0.08897377369503551,-1.0761756647990235,-1.191995412985472
-100u,198,1.1964491801038668,0.11259991999930055,0.08714650810114968,-1.0796023968075252,-1.1940219892929789
-100u,200,1.196453011443839,0.10982705332292611,0.08535603021892403,-1.0829213420165125,-1.1954462745856618
-100u,202,1.1964588042492665,0.10712014337600177,0.08360187117124977,-1.086116642679281,-1.1964383528204412
-100u,204,1.1964665579891152,0.1044784035352498,0.0818829939654474,-1.0891841295651856,-1.197143691576867
-100u,206,1.1964762876606394,0.10190243625746609,0.08019883865132402,-1.0921256791043534,-1.1976566267418454
-100u,208,1.1964878383808994,0.09939106457433988,0.07854843735669298,-1.0949511245664678,-1.1980420366965732
-100u,210,1.1965011745796048,0.09694754871304402,0.07693089587242136,-1.0976675771182842,-1.1983380866423365
-100u,212,1.196516258193929,0.0945656123729655,0.07534733725519348,-1.1002824195140692,-1.1985704457069108
-100u,214,1.1965329386917385,0.09224580861015079,0.07379364157538162,-1.1028107545227297,-1.1987572269588467
-100u,216,1.1965511901607175,0.08998767738512081,0.07227152545193277,-1.1052536243540105,-1.1989077746049546
-100u,218,1.196570753109526,0.08778517345862455,0.07077824165816901,-1.1076253904617492,-1.1990347461768638
-100u,220,1.1965917953195075,0.08564407047876307,0.06931498204524074,-1.1099210721821493,-1.1991370156754197
-100u,222,1.196614094355828,0.08355771887743368,0.06788171540375826,-1.1121501032967953,-1.1992248256623794
-100u,224,1.1966376312514153,0.08152656549145214,0.06647564007147432,-1.114315303022092,-1.1992965084827287
-100u,226,1.1966622990806195,0.07954787890658617,0.06509867619855964,-1.116419618524707,-1.1993589133115043
-100u,228,1.196688057597347,0.07762064514985903,0.06374763210810865,-1.118466744402994,-1.1994099792711375
-100u,230,1.1967148108176275,0.07574288053481958,0.06242441845324566,-1.120458100109504,-1.1994556561209977
-100u,232,1.1967425287172313,0.07391360202206214,0.06112621468232587,-1.1223967515510296,-1.1994928874419406
-100u,234,1.1967710988375369,0.07212845274447796,0.05985464475465959,-1.1242843610693336,-1.1995269621690117
-100u,236,1.19680058688952,0.07039367773639396,0.05860724218170063,-1.1261224022082623,-1.1995545352062922
-100u,238,1.1968307401341676,0.0686988323902605,0.05738527527913716,-1.1279123855965636,-1.1995804570475719
-100u,240,1.196861711197742,0.06705086122311213,0.05618665973946841,-1.1296559331079392,-1.199601224687664
-100u,242,1.1968932549040485,0.06544098704184151,0.05501241876865118,-1.1313545484524532,-1.1996213626253187
-100u,244,1.1969254962810283,0.06387506123606151,0.05386072475815461,-1.1330094734217162,-1.1996372947574936
-100u,246,1.1969582335680082,0.06234544389418355,0.052732408018626754,-1.1346221996964958,-1.1996532919875587
-100u,248,1.1969915161153803,0.060857007548261705,0.05162574166366134,-1.136193666658184,-1.199666322479141
-100u,250,1.1970252943018191,0.059403298723943725,0.050541668095860484,-1.137725490813812,-1.1996783212031825
-100u,252,1.1970595109518571,0.05798838801015556,0.04947857939914896,-1.1392183109009704,-1.1996892153014396
-100u,254,1.1970940873217062,0.056606434138103914,0.04843703756127323,-1.1406736762095715,-1.1996990962080227
-100u,256,1.1971290480934422,0.055261046108766705,0.047415783040779744,-1.1420921421078243,-1.1997081339203743
-100u,258,1.1971642896686758,0.05394704746513976,0.04641523444926047,-1.143475254828135,-1.1997164171956616
-100u,260,1.1971998334168161,0.05266751945785807,0.04543426709271424,-1.144823433215232,-1.1997240742843902
-100u,262,1.1972355918604132,0.051417886282206816,0.044473206632642176,-1.1461381954196403,-1.199731160663764
-100u,264,1.1972715725103429,0.050200778582318625,0.04353104294796262,-1.1474198661466475,-1.199737775131078
-100u,266,1.1973077065497066,0.04901213834265863,0.042608021685143084,-1.1486699343602895,-1.1997439500720237
-100u,268,1.1973439892714572,0.04785421314194451,0.04170323550462906,-1.1498886372860169,-1.1997497635190708
-100u,270,1.1973803674117238,0.04672339342177494,0.04081686118478996,-1.1510774330098987,-1.1997552318319549
-100u,272,1.1974168270119734,0.045621599378041486,0.0399480804034607,-1.15223648892439,-1.1997604182205213
-100u,274,1.197453327315825,0.04454561178322824,0.03909701216123787,-1.1533672265746309,-1.1997653280248837
-100u,276,1.1974898478031097,0.04349707045130894,0.03826291532537017,-1.1544697570681364,-1.1997700137635654
-100u,278,1.1975263576406525,0.04247309696156699,0.03744586049393776,-1.155545461157488,-1.1997744732279663
-100u,280,1.197562830611959,0.041475090265698865,0.03664517351419572,-1.1565943881229332,-1.1997787506846405
-100u,282,1.1975992472202939,0.040500470444169455,0.035860884647541356,-1.1576179356641043,-1.199782839103162
-100u,284,1.1976355773676257,0.03955043404578294,0.03509237948673573,-1.1586160472644393,-1.1997867783448015
-100u,286,1.1976713498548968,0.03862263788637714,0.034339633665108026,-1.1595901074358732,-1.1997905571077327
-100u,288,1.1977074645800472,0.03771812957465096,0.033602110766198665,-1.1605400113370046,-1.1997942098959746
-100u,290,1.1977431745279985,0.03683481631067215,0.0328797776377516,-1.16146710751014,-1.1997977235044137
-100u,292,1.1977788817015336,0.0359735549987176,0.032172105388895776,-1.1623712663272523,-1.1998011293421158
-100u,294,1.1978143027214652,0.03513246427467075,0.03147904461274465,-1.1632537928522464,-1.1998044128735736
-100u,296,1.1978496380847987,0.03431212501136654,0.030799958680483006,-1.1641145802075588,-1.199807602922008
-100u,298,1.1978846279732922,0.03351134213618699,0.03013478863295284,-1.164954792728586,-1.1998106840996805
-100u,300,1.1979194317467792,0.03272906638509443,0.029483901633353935,-1.1657745800948256,-1.1998136830796262
-100u,302,1.1979540669540958,0.0319671759146106,0.028846033638729864,-1.1665746612308747,-1.1998165841097388
-100u,304,1.197988333662118,0.031222844205483824,0.0282212151875486,-1.1673550392148861,-1.1998194123683608
-100u,306,1.1980223302068944,0.030495659954356494,0.02760984177848054,-1.1681170359559505,-1.1998221511489893
-100u,308,1.1980561438712485,0.029787205264545695,0.027010800776430952,-1.1688603345133421,-1.1998248247252048
-100u,310,1.1980895362346073,0.029095096935909864,0.026424093457537306,-1.1695859011431475,-1.1998274167768814
-100u,312,1.198122647979171,0.028418941645263478,0.025850029185500268,-1.1702939693705177,-1.1998299495468612
-100u,314,1.1981555100024617,0.02776000504439882,0.025287634245019813,-1.1709851952315857,-1.1998324071901303
-100u,316,1.1981879559154678,0.027116295148303944,0.024736889752915756,-1.1716595651904382,-1.1998348112572936
-100u,318,1.1982200716861386,0.02648741018708585,0.024198033083207057,-1.1723181444237192,-1.1998371454223493
-100u,320,1.1982519199075155,0.025874390488558364,0.023670210382563575,-1.172960712704733,-1.1998394306163245
-100u,322,1.1982833252037564,0.02527553595514512,0.023153385371422315,-1.1735880781573762,-1.1998416510519454
-100u,324,1.1983143904011098,0.024690472703711965,0.02264773748949959,-1.1742004035022808,-1.1998438262948925
-100u,326,1.1983451475085434,0.024120030389169517,0.02215251325055557,-1.17479828672417,-1.1998459410706503
-100u,328,1.1983754665009718,0.02356277728501186,0.0216676677165538,-1.1753816991282906,-1.199848014444125
-100u,330,1.1984054168052904,0.02301834177762387,0.021193326505153338,-1.1759515318092773,-1.199850030988055
-100u,332,1.1984350469512115,0.022487406988554445,0.020728828262751037,-1.1765076212472219,-1.1998520092774403
-100u,334,1.1984642273862058,0.021968738938889926,0.02027411419950652,-1.1770506470169417,-1.1998539344311652
-100u,336,1.1984930341743756,0.02146199692872482,0.01982927421556865,-1.1775807300426144,-1.1998558239748873
-100u,338,1.1985214983241135,0.02096772172329666,0.019393719627238935,-1.1780984022275716,-1.1998576635198417
-100u,340,1.1985495563732036,0.02048472116968396,0.01896723949238263,-1.1786036978274643,-1.1998594701565144
-100u,342,1.1985771650527688,0.020013128692245506,0.018549963065906047,-1.1790972042206305,-1.1998612296151732
-100u,344,1.1986044002004628,0.01955226376884172,0.018141975091139444,-1.1795790787198224,-1.1998629583746592
-100u,346,1.1986313090312013,0.01910312894572288,0.01774245354713397,-1.1800495874413632,-1.1998646427195536
-100u,348,1.1986577873976683,0.018663852792681575,0.01735116402184872,-1.1805089943033686,-1.1998662961484685
-100u,350,1.198678320496417,0.018234709115753204,0.016968316254442777,-1.1809577659534551,-1.199867320722769
-100u,352,1.1987062037437008,0.017815927913688016,0.01659389667873394,-1.181395813766108,-1.1998685549796362
-100u,354,1.198735966824246,0.0174073282163827,0.01622785108208624,-1.181823442331496,-1.1998698113771185
-100u,356,1.1987853109699094,0.017009070200338563,0.015870508981129367,-1.1822407692958574,-1.199871083524054
-100u,358,1.1988299134017375,0.01662040090879931,0.015521168685804516,-1.1826478270968854,-1.1998723650935286
-100u,360,1.1988624517421074,0.016240089239226894,0.015178648666150719,-1.1830454393467975,-1.199873650743343
-100u,362,1.1988763022676299,0.015867300382114546,0.014842172020627818,-1.1834340747313987,-1.1998749354568068
-100u,364,1.1988786680109451,0.015502973185109067,0.014512672105194734,-1.1838143341078649,-1.1998762157574514
-100u,366,1.1987764652572828,0.015142571671641307,0.014185745428685717,-1.184187107039942,-1.1998774881023089
-100u,368,1.198503093083117,0.014780097002230527,0.013855306475065377,-1.1845557303036502,-1.1998787500604207
-100u,370,1.1982146069786972,0.014423422241313022,0.013529186491216306,-1.1849203792671879,-1.1998799975998862
-100u,372,1.1979506253612227,0.014075595249513665,0.01321073461356045,-1.185279471390675,-1.1998812322129084
-100u,374,1.1989055492871696,0.013783090607357381,0.01294653543051134,-1.1856188483784764,-1.1998824467123819
-100u,376,1.202174010283357,0.013636285543475148,0.012828787167702652,-1.1858970727094227,-1.1998836528140542
-100u,378,1.2059941368587361,0.01355139449140067,0.01277462477966643,-1.1861037217383568,-1.1998848635577466
-100u,380,1.2095575034411503,0.013453108146572945,0.012707248568652036,-1.1862668034991002,-1.1998860539426786
-100u,382,1.2123996639446164,0.013316495198381205,0.012600457054713708,-1.1864162985183466,-1.199887212529397
-100u,384,1.2128868727411797,0.013074482815911179,0.012386055076441969,-1.1865915450319517,-1.1998883463147627
-100u,386,1.2065479424641194,0.012503365110680219,0.01183754063709276,-1.186890070417155,-1.1998894610988198
-100u,388,1.1920931749362047,0.011453830266611599,0.010800493342042979,-1.1874353253146943,-1.1998905186127038
-100u,390,1.1736810406037852,0.010145642917125733,0.009493354565168356,-1.1882565306582842,-1.1998915129861691
-100u,392,1.1537326329074762,0.008780534556797588,0.008121579426614612,-1.1892891781612507,-1.199892504620746
-100u,394,1.1330871414581227,0.007414247739249501,0.00674523186921921,-1.1904462838518566,-1.1998935262259294
-100u,396,1.1119917999526217,0.006029702132198314,0.005348878928408595,-1.1916880186701528,-1.1998945645233376
-100u,398,1.090521452965031,0.004558830267705124,0.0038637906506136265,-1.1930072917343326,-1.19989559174528
-100u,400,1.068906948313318,0.003137218085253806,0.002427455362286983,-1.1943760856790586,-1.1998966244254547
-100u,402,1.0473139744101019,0.0017420813631127013,0.0010191520976747174,-1.1957581685399623,-1.1998976601727882
-100u,404,1.025771491075907,0.00035627760874806574,-0.0003784921751895454,-1.197142297394892,-1.1998986709027348
-100u,406,1.004324826466419,-0.0010174611032229626,-0.0017625378863514222,-1.1985235923349107,-1.199899650813138
-100u,408,0.9829685256971261,-0.0023814606533741605,-0.003135645696249886,-1.199899779104455,-1.199900609465946
-100u,410,0.9617331521264877,-0.0037334444617471542,-0.004495306858704415,-1.2012672328586218,-1.1999015442856666
-100u,412,0.9406161571772012,-0.005074609858928858,-0.005842921642565105,-1.2026249724132168,-1.199902458458185
-100u,414,0.9196065901221115,-0.006406288136440445,-0.007180037939580963,-1.2039730267442097,-1.1999033551578069
-100u,416,0.8987251562875301,-0.007726765596635801,-0.00850487698323791,-1.2053082455371378,-1.1999042329200789
-100u,418,0.8779608793798207,-0.009037338078218864,-0.009819025606315764,-1.2066303075483236,-1.1999050946883165
-100u,420,0.8573107808926954,-0.01033824093942284,-0.011122962689141693,-1.2079375111122046,-1.199905942085662
-100u,422,0.8367890265468615,-0.011627781549383565,-0.012415294102010567,-1.2092241708215197,-1.1999067751227748
-100u,424,0.8163820660465928,-0.012906539639191637,-0.01369710573101364,-1.210487746638237,-1.1999075964409058
-100u,426,0.7960911107853452,-0.014173329224934632,-0.014967825182928711,-1.2117217729792333,-1.1999084070251156
-100u,428,0.775935615742968,-0.015422974491205476,-0.016223528335790136,-1.2129096986731156,-1.1999092067775174
-100u,430,0.7559007948958515,-0.01665416845916442,-0.017463995981079793,-1.2140436435870208,-1.199909997505294
-100u,432,0.7359877872217249,-0.01786209971754881,-0.01868606790188477,-1.2151074806360425,-1.1999107797991828
-100u,434,0.7161982616309317,-0.019039693003076143,-0.019885088273150543,-1.2160789049532506,-1.199911553584033
-100u,436,0.6965472311504632,-0.02017408802500619,-0.021052007010382314,-1.2169199842453848,-1.199912319024545
-100u,438,0.6770147142891584,-0.021258871741384185,-0.022183007493558178,-1.2176128307702339,-1.1999130770161786
-100u,440,0.657604529292511,-0.022278209739102734,-0.023267291992290065,-1.2181146880223719,-1.1999138265832638
-100u,442,0.6383107127471257,-0.02321541098088314,-0.02429364420707222,-1.2183833458717457,-1.1999145675165583
-100u,444,0.6191263686517867,-0.024051381931218942,-0.02524929246521501,-1.218373300315074,-1.199915298550706
-100u,446,0.6000420570336465,-0.024765082879170036,-0.026120223841676175,-1.2180386050236156,-1.1999160175430559
-100u,448,0.5810457431986005,-0.025334362952119646,-0.026891788239560222,-1.2173352423099082,-1.1999167455815327
-100u,450,0.5621227474322169,-0.025736863553036084,-0.027549267964635745,-1.2162244690003092,-1.199917519557503
-100u,452,0.543254433118276,-0.025950820178219158,-0.028078412476146338,-1.2146753152139007,-1.199918106714417
-100u,454,0.5244183000106806,-0.02595581937721212,-0.02846582647366397,-1.212663676194942,-1.1999187064125616
-100u,456,0.5055860328503732,-0.02573352875927589,-0.02869906285135072,-1.210174255682413,-1.1999193649871598
-100u,458,0.4867234663412004,-0.025266165967833234,-0.028766617748865346,-1.207200451544145,-1.1999199803408058
-100u,460,0.4677883309394859,-0.024538993318063834,-0.028657050710190427,-1.2037477053853707,-1.1999205698264084
-100u,462,0.44872869993546455,-0.023537002517032335,-0.028359668298398307,-1.199798707990121,-1.199921107313529
-100u,464,0.429482230680361,-0.02224490191735345,-0.027861636471292327,-1.1953403007202563,-1.1999216261470314
-100u,466,0.40997479541913073,-0.02064528896001728,-0.027146472366365193,-1.1903662395109016,-1.1999223910734078
-100u,468,0.3901178935973648,-0.01871730652217756,-0.026198065185785796,-1.1848628651372188,-1.1999230303528492
-100u,470,0.36980794511410137,-0.016434931372152625,-0.024990231177813193,-1.178806136495336,-1.1999236131482018
